timestamp,feature,importance,model
2025-10-17 05:00:34,experience_num,0.0,rf
2025-10-17 05:00:34,loc_bình dương,0.0,rf
2025-10-17 05:00:34,loc_bắc giang,0.0,rf
2025-10-17 05:00:34,loc_bắc ninh,0.0,rf
2025-10-17 05:00:34,loc_hà nội,0.0,rf
2025-10-17 05:00:34,experience_num,0.0,xgb
2025-10-17 05:00:34,loc_bình dương,1.0,xgb
2025-10-17 05:00:34,loc_bắc giang,0.0,xgb
2025-10-17 05:00:34,loc_bắc ninh,0.0,xgb
2025-10-17 05:00:34,loc_hà nội,0.0,xgb
2025-10-18 07:06:11,experience_num,0.0,rf
2025-10-18 07:06:11,loc_bình dương,0.003331127052245555,rf
2025-10-18 07:06:11,loc_bắc giang,0.002556278132991856,rf
2025-10-18 07:06:11,loc_bắc ninh,0.01281518934263308,rf
2025-10-18 07:06:11,loc_hà nội,0.09465496398570857,rf
2025-10-18 07:06:11,loc_hà tĩnh,0.000967222394910874,rf
2025-10-18 07:06:11,loc_hưng yên,0.0042120832984139395,rf
2025-10-18 07:06:11,loc_hải dương,0.0004717741010140749,rf
2025-10-18 07:06:11,loc_hải phòng,0.00047185797870967277,rf
2025-10-18 07:06:11,loc_hậu giang,0.01716901724765936,rf
2025-10-18 07:06:11,loc_không rõ,0.0,rf
2025-10-18 07:06:11,loc_kiên giang,0.0,rf
2025-10-18 07:06:11,loc_long an,0.0013470792343415394,rf
2025-10-18 07:06:11,loc_quảng ninh,0.0034929961507386836,rf
2025-10-18 07:06:11,loc_thanh hóa,0.0011637816740127482,rf
2025-10-18 07:06:11,loc_tp. hồ chí minh,0.000771514170428298,rf
2025-10-18 07:06:11,loc_vĩnh long,0.046492244599948426,rf
2025-10-18 07:06:11,loc_đà nẵng,0.0032575588705676117,rf
2025-10-18 07:06:11,sen_junior,0.022129069326901837,rf
2025-10-18 07:06:11,sen_mid,0.06253074526154156,rf
2025-10-18 07:06:11,sen_senior,0.1960767045472407,rf
2025-10-18 07:06:11,grp_Analytical Skills,0.036726082432651325,rf
2025-10-18 07:06:11,grp_Business Analysis,0.013265182451290583,rf
2025-10-18 07:06:11,grp_C#,0.0225530378042754,rf
2025-10-18 07:06:11,grp_Communication,0.06423742830933318,rf
2025-10-18 07:06:11,grp_Communication Skills,0.016141636194602328,rf
2025-10-18 07:06:11,grp_Công Nghệ Thông Tin,0.0145940318381371,rf
2025-10-18 07:06:11,grp_Data Analysis,0.0,rf
2025-10-18 07:06:11,grp_English Communication,0.08493113540877907,rf
2025-10-18 07:06:11,grp_Giao tiếp,0.04325131769246505,rf
2025-10-18 07:06:11,grp_Giải quyết vấn đề,0.07309698508396907,rf
2025-10-18 07:06:11,grp_Java,0.010276644818913522,rf
2025-10-18 07:06:11,grp_JavaScript,0.0005204211946893558,rf
2025-10-18 07:06:11,grp_Javascript,0.03485409892730714,rf
2025-10-18 07:06:11,grp_Khác,0.020073832469102316,rf
2025-10-18 07:06:11,grp_Kinh Doanh,0.01450830854682251,rf
2025-10-18 07:06:11,grp_Phân Tích Nghiệp Vụ,0.007897142873737856,rf
2025-10-18 07:06:11,grp_Problem-solving,0.0,rf
2025-10-18 07:06:11,grp_Project Management,0.0036899872442254264,rf
2025-10-18 07:06:11,grp_Python,0.05836029778340118,rf
2025-10-18 07:06:11,grp_Quản Lý Dự Án,0.007111221556289114,rf
2025-10-18 07:06:11,experience_num,0.0,xgb
2025-10-18 07:06:11,loc_bình dương,0.003818185767158866,xgb
2025-10-18 07:06:11,loc_bắc giang,0.003929028753191233,xgb
2025-10-18 07:06:11,loc_bắc ninh,0.011387822218239307,xgb
2025-10-18 07:06:11,loc_hà nội,0.023827968165278435,xgb
2025-10-18 07:06:11,loc_hà tĩnh,0.00017951178597286344,xgb
2025-10-18 07:06:11,loc_hưng yên,0.007049724459648132,xgb
2025-10-18 07:06:11,loc_hải dương,0.0010584992123767734,xgb
2025-10-18 07:06:11,loc_hải phòng,5.984929885016754e-05,xgb
2025-10-18 07:06:11,loc_hậu giang,0.006159286946058273,xgb
2025-10-18 07:06:11,loc_không rõ,0.0011869159061461687,xgb
2025-10-18 07:06:11,loc_kiên giang,0.0002376990596530959,xgb
2025-10-18 07:06:11,loc_long an,0.0004537283966783434,xgb
2025-10-18 07:06:11,loc_quảng ninh,0.013644109480082989,xgb
2025-10-18 07:06:11,loc_thanh hóa,0.0010002994677051902,xgb
2025-10-18 07:06:11,loc_tp. hồ chí minh,0.0008134778472594917,xgb
2025-10-18 07:06:11,loc_vĩnh long,0.014530445449054241,xgb
2025-10-18 07:06:11,loc_đà nẵng,0.009194046258926392,xgb
2025-10-18 07:06:11,sen_junior,0.022755764424800873,xgb
2025-10-18 07:06:11,sen_mid,0.0025546993128955364,xgb
2025-10-18 07:06:11,sen_senior,0.21055281162261963,xgb
2025-10-18 07:06:11,grp_Analytical Skills,0.03629365563392639,xgb
2025-10-18 07:06:11,grp_Business Analysis,0.02915564365684986,xgb
2025-10-18 07:06:11,grp_C#,0.029460987076163292,xgb
2025-10-18 07:06:11,grp_Communication,0.08755567669868469,xgb
2025-10-18 07:06:11,grp_Communication Skills,0.02617410384118557,xgb
2025-10-18 07:06:11,grp_Công Nghệ Thông Tin,0.01736299693584442,xgb
2025-10-18 07:06:11,grp_Data Analysis,0.004538611974567175,xgb
2025-10-18 07:06:11,grp_English Communication,0.06666300445795059,xgb
2025-10-18 07:06:11,grp_Giao tiếp,0.03928588330745697,xgb
2025-10-18 07:06:11,grp_Giải quyết vấn đề,0.1794317364692688,xgb
2025-10-18 07:06:11,grp_Java,0.007597784046083689,xgb
2025-10-18 07:06:11,grp_JavaScript,0.0,xgb
2025-10-18 07:06:11,grp_Javascript,0.056190941482782364,xgb
2025-10-18 07:06:11,grp_Khác,0.022273102775216103,xgb
2025-10-18 07:06:11,grp_Kinh Doanh,0.003438347252085805,xgb
2025-10-18 07:06:11,grp_Phân Tích Nghiệp Vụ,0.0039215958677232265,xgb
2025-10-18 07:06:11,grp_Problem-solving,0.010998820886015892,xgb
2025-10-18 07:06:11,grp_Project Management,0.003279030090197921,xgb
2025-10-18 07:06:11,grp_Python,0.0366385281085968,xgb
2025-10-18 07:06:11,grp_Quản Lý Dự Án,0.005345707759261131,xgb
