title,location,deadline
Business Analyst,TP. Hồ Chí Minh,2025-10-08
PHP,TP. Hồ Chí Minh,2025-10-08
Integration Developer,Hà Nội,2025-10-08
Full Stack Developer,Cần Thơ,2025-10-08
Tuyển Chuyên Viên Tích Hợp Hệ Thống _ Upto 23M làm việc tại Công ty Cổ phần Giải pháp Công nghệ TTC Việt Nam,Hà Nội,2025-10-08
Project Management,Hà Nội,2025-10-08
Trưởng Nhóm,Hà Nội,2025-10-08
DevOps,Hà Nội,2025-10-08
Technical Leader,TP. Hồ Chí Minh,2025-10-08
Trưởng Nhóm,Hà Nội,2025-10-08
IT,Hà Nội,2025-10-08
Tuyển Trưởng Bộ Phận Giải Pháp Công Nghệ làm việc tại Công ty cổ phần đầu tư KD,Hà Nội,2025-10-08
Nhân Viên Vận Hành Hệ Thống,Hà Nội,2025-10-08
Business Analyst,TP. Hồ Chí Minh,2025-10-08
Trưởng Nhóm,Hà Nội,2025-10-08
DevOps,Hà Nội,2025-10-08
Unity Developer,TP. Hồ Chí Minh,2025-10-08
Nhân Viên Vận Hành Hệ Thống,Hà Nội,2025-10-08
Business Analyst,TP. Hồ Chí Minh,2025-10-08
Thực Tập Sinh,TP. Hồ Chí Minh,2025-10-08
DevOps,Hà Nội,2025-10-08
Technical Leader,TP. Hồ Chí Minh,2025-10-08
Nhân Viên IT,Hà Nội,2025-10-09
Business Analyst,Hà Nội,2025-10-09
Product Owner,Hà Nội,2025-10-09
Business Analyst,Hà Nội,2025-10-09
Chuyên Viên Phân Tích Nghiệp Vụ,Hà Nội,2025-10-09
IT,Hà Nội,2025-10-09
Backend,Hà Nội,2025-10-09
Frontend Developer,Hà Nội,2025-10-09
Front-End,Hà Nội,2025-10-09
"Software Engineer (C++, Embedded Linux) - Up to $2500",Hà Nội,2025-10-09
"Software Engineer (C++, Embedded Linux) - Up to $2500",Hà Nội,2025-10-09
"Software Engineer (C++, Embedded Linux) - Up to $2500",Hà Nội,2025-10-09
"Software Engineer (C++, Embedded Linux) - Up to $2500",Hà Nội,2025-10-09
"Software Engineer (C++, Embedded Linux) - Up to $2500",Hà Nội,2025-10-09
"Software Engineer (C++, Embedded Linux) - Up to $2500",Hà Nội,2025-10-09
"Software Engineer (C++, Embedded Linux) - Up to $2500",Hà Nội,2025-10-09
"Software Engineer (C++, Embedded Linux) - Up to $2500",Hà Nội,2025-10-09
"Software Engineer (C++, Embedded Linux) - Up to $2500",Hà Nội,2025-10-09
"Software Engineer (C++, Embedded Linux) - Up to $2500",Hà Nội,2025-10-09
Color Specialist,TP. Hồ Chí Minh,2025-10-09
Chuyên Viên Kỹ Thuật,TP. Hồ Chí Minh,2025-10-09
IT,Hà Nội,2025-10-09
Project Manager,TP. Hồ Chí Minh,2025-10-09
Project Coordinator,TP. Hồ Chí Minh,2025-10-09
Project Manager,Hà Nội,2025-10-09
Quản Trị Dự Án,Hà Nội,2025-10-09
System Engineer,Hà Nội,2025-10-09
Project Management,Hà Nội,2025-10-09
Tech Lead,Hà Nội,2025-10-09
Solution Architect,TP. Hồ Chí Minh,2025-10-09
Business Analyst,Hà Nội,2025-10-09
Product Owner,Hà Nội,2025-10-09
Chuyên Viên Phân Tích Nghiệp Vụ,Hà Nội,2025-10-09
IT,Hà Nội,2025-10-09
Project Coordinator,TP. Hồ Chí Minh,2025-10-09
Fresher,Hà Nội,2025-10-09
Project Manager,TP. Hồ Chí Minh,2025-10-09
Project Manager,Hà Nội,2025-10-09
Project Management,Hà Nội,2025-10-09
Tech Lead,Hà Nội,2025-10-09
Account Manager,TP. Hồ Chí Minh,2025-10-09
Solution Architect,TP. Hồ Chí Minh,2025-10-09
Business Analyst,Hà Nội,2025-10-09
IT,Hà Nội,2025-10-09
Chuyên Viên IT,TP. Hồ Chí Minh,2025-10-09
Project Coordinator,TP. Hồ Chí Minh,2025-10-09
Project Manager,Hà Nội,2025-10-09
Nhân Viên Pháp Lý Thu Hồi Công Nợ,Hà Nội,2025-10-09
Giám Đốc Kinh Doanh,Bình Dương,2025-10-09
Customs Clearance Officer (Long An),Tây Ninh,2025-10-09
"Chuyên Viên Quản Trị và Vận Hành Hệ Thống, Nhóm Mạng Truyền Thông",Hà Nội,2025-10-09
Chuyên Viên Phân Tích Dữ Liệu (BI) Data Analyst Specialist,Hà Nội,2025-10-09
Trưởng/Phó Phòng Chuyển Đổi Số,TP. Hồ Chí Minh,2025-10-09
CVCC Mô Hình Rủi Ro,Hà Nội,2025-10-09
Chuyên Viên Phát Triển Sản Phẩm – Cv3 (Mã: Ptsp.cv3),Hà Nội,2025-10-09
"Chuyên Viên Phát Triển và Vận Hành Hệ Thống, Nhóm Cổng Thanh Toán",Hà Nội,2025-10-09
Head of Marketing & Communications,Không rõ,2025-10-09
"Chuyên Viên Quản Trị và Vận Hành Hệ Thống, Nhóm Mạng Truyền Thông",Hà Nội,2025-10-09
Manual Tester,Hà Nội,2025-10-10
Fullstack,Hà Nội,2025-10-10
Senior Business Analyst,Hà Nội,2025-10-10
Business Analyst,Hà Nội,2025-10-10
Tuyển Nhân Viên Phát Triển Website làm việc tại CÔNG TY TNHH DỊCH VỤ GIÁO DỤC THE TUTORS,TP. Hồ Chí Minh,2025-10-10
Senior Front-End Developer,TP. Hồ Chí Minh,2025-10-10
Account Manager,TP. Hồ Chí Minh,2025-10-10
Vietnamese Sale Executive,Không rõ,2025-10-10
Senior Product Owner,Hà Nội,2025-10-10
IE Staff (Apparel/garments),Không rõ,2025-10-10
Chuyên Viên Phát Triển Sản Phẩm,Hà Nội,2025-10-10
Business Analyst,Hà Nội,2025-10-10
Project Manager,Hà Nội,2025-10-10
Technical Leader,TP. Hồ Chí Minh,2025-10-10
IT Support,Hà Nội,2025-10-10
Business Analyst,Hà Nội,2025-10-10
Nhân Viên Kế Hoạch,Hà Nội,2025-10-10
Trưởng Phòng Công Nghệ,Hà Nội,2025-10-10
Team Leader,Không rõ,2025-10-10
Project Manager,Hà Nội,2025-10-10
Business Analyst,Hà Nội,2025-10-10
Phân Tích Nghiệp Vụ,Hà Nội,2025-10-10
Project Manager,Hà Nội,2025-10-10
Nhân Viên Kế Hoạch,Hà Nội,2025-10-10
Business Analyst,Không rõ,2025-10-10
Team Leader,Không rõ,2025-10-10
Technical Leader,TP. Hồ Chí Minh,2025-10-10
IT Support,Hà Nội,2025-10-10
Chuyên Viên IT,Long An,2025-10-10
Business Analyst,Không rõ,2025-10-10
Team Leader,Không rõ,2025-10-10
Chuyên Viên Tư Vấn Giải Pháp,Hà Nội,2025-10-10
[IT Product] Platform Development Manager / Customer App Manager/ Driver App Manager/ Support & Chat Platform Manager,Hà Nội,2025-10-10
Chuyên Viên (Kỹ Sư) AI - Phòng Giải Pháp Công Nghệ Thông Tin/ Khối Kỹ Thuật,Hà Nội,2025-10-10
Chuyên Viên (Kỹ Sư) Dữ Liệu - Phòng Giải Pháp Công Nghệ Thông Tin/ Khối Kỹ Thuật,Hà Nội,2025-10-10
Senior Software Project Manager Cum Agile Team Coach,TP. Hồ Chí Minh,2025-10-10
Application Service Engineer,Hà Nội,2025-10-10
[Sign-On Bonus] UI Designer - Up to 30 Months Salary Onboarding,Hà Nội,2025-10-10
Pricing and Data Analyst,Hà Nội,2025-10-10
Technical Supervisor,Không rõ,2025-10-10
Marketing Automation Coordinator - HubSpot Support,TP. Hồ Chí Minh,2025-10-10
Merchandiser (3 Years Experience Mini),TP. Hồ Chí Minh,2025-10-10
Sales & Marketing Manager,Bình Dương,2025-10-10
Chuyên Viên Cao Cấp Phân Tích Hệ Thống - Khối Ngân Hàng Doanh Nghiệp,Hà Nội,2025-10-10
Tax Compliance Associate,Hà Nội,2025-10-10
Performance Marketing Manager (Up to $10.000 + Sign on Bonus Up to 3 month),Hà Nội,2025-10-10
Chuyên Gia Quản Lý Trải Nghiệm Khách Hàng Ngân Hàng Số - Nhs,Hà Nội,2025-10-10
Performance Marketing Manager (Up to $10.000 + Sign on Bonus Up to 3 month),Hà Nội,2025-10-10
"Trưởng Nhóm Tự Động Hóa, PLC (Làm Việc Tại Hà Nội, Dự Án Kim Long Motor Huế, Dự Án Vinfast Hải Phòng)",Hà Nội,2025-10-10
"Quản Lý Thương Hiệu Nhãn Hàng Sữa Công Thức (Brand Manager) (Thu Nhập 1,000-2,000$ Tuỳ Theo Năng Lực)",Hà Nội,2025-10-10
Trợ Lý Marketing,Hà Nội,2025-10-10
[Urgent] Project Marketing Director,Hà Nội,2025-10-10
"Sale Business Development (Digital Marketing) – Bắt Buộc Kinh Nghiệm Sale Digital Marketing, Truyền Thông, Media, Ooh,... – Thu Nhập 15-40 Triệu",Hà Nội,2025-10-10
Senior Import Export Specialist (Manufacturing Industry),TP. Hồ Chí Minh,2025-10-10
Project Sale (M&E),Hà Nội,2025-10-10
Assistant To CEO,Không rõ,2025-10-10
Giám Sát Vận Hành Khách Sạn (Lễ Tân & Buồng Phòng),Long An,2025-10-10
Customer Service Executive,Không rõ,2025-10-10
Kỹ Sư/Giám Sát Điện - Nam Định,Nam Định,2025-10-10
Chuyên Viên Phân Tích Nghiệp Vụ,Hà Nội,2025-10-11
React Native Developer,Hà Nội,2025-10-11
Digital Marketing Specialist (SEO & Ads),TP. Hồ Chí Minh,2025-10-11
TP Kinh Doanh Giày/ Shoes Business Manager/ Merchandise Manager,Không rõ,2025-10-11
Chuyên Viên Pricing,Không rõ,2025-10-11
QA,TP. Hồ Chí Minh,2025-10-11
Xử Lý Dữ Liệu,Hà Nội,2025-10-11
Phát Triển Phần Mềm,Hà Nội,2025-10-11
Tuyển Mobile Development Manager làm việc tại CÔNG TY TNHH ROYALMAN,Hà Nội,2025-10-11
Trưởng Phòng Kỹ Thuật,TP. Hồ Chí Minh,2025-10-11
Kỹ Thuật Viên,Hà Nội,2025-10-11
Trưởng Phòng Kỹ Thuật,TP. Hồ Chí Minh,2025-10-11
Business Analyst Team Leader (Iot/smart Home),TP. Hồ Chí Minh,2025-10-11
Internal Communication Supervisor (Sales),TP. Hồ Chí Minh,2025-10-11
Digital Marketing Manager,Không rõ,2025-10-11
Backend Developer (Java),Không rõ,2025-10-11
Chuyên Viên Mua Hàng Cao Cấp,Hà Nội,2025-10-11
Business Analyst Team Leader (Iot/smart Home),TP. Hồ Chí Minh,2025-10-11
Chuyên Viên QA (Quản lý lỗi sản phẩm),Hà Nội,2025-10-11
Giám Đốc Dự Án Công Nghệ (Blockchain),Không rõ,2025-10-11
Kỹ Sư Thiết Kế Phần Cứng - Lương Tới 2.000$ (Chấp Nhận Ứng Viên Mới Ra Trường),Hà Nội,2025-10-11
Data Governance Manager,TP. Hồ Chí Minh,2025-10-11
Customer Service Support (Japanese Speaking),TP. Hồ Chí Minh,2025-10-11
Accountant,TP. Hồ Chí Minh,2025-10-11
Business Analyst cum PA to CEO (Manufacturing),Hưng Yên,2025-10-11
Trưởng Nhóm Hạ Tầng Viễn Thông,Hà Nội,2025-10-11
Kế Hoạch Kỹ Thuật (Xây Dựng),Quảng Ninh,2025-10-11
Backend Developer (Java),Không rõ,2025-10-11
[Digitial Finance] Backend Developer - HN & HCM,TP. Hồ Chí Minh,2025-10-11
CRM Manager,TP. Hồ Chí Minh,2025-10-11
Recruitment Manager,Hà Nội,2025-10-11
Production Planning Staff,Bắc Ninh,2025-10-11
Kỹ Sư Giải Pháp Hệ Thống Mạng Doanh Nghiệp - Network Solution Engineer,Hà Nội,2025-10-11
Legal Junior,Hà Nội,2025-10-11
Chuyên Viên Phân Tích Nghiệp Vụ,Hà Nội,2025-10-12
Business Analyst,Hà Nội,2025-10-12
Senior Business Analyst,Hà Nội,2025-10-12
Business Analyst,Hà Nội,2025-10-12
Giám Đốc Công Nghệ Thông Tin,Hà Nội,2025-10-12
Kỹ Sư Công Nghệ Thông Tin,Không rõ,2025-10-12
Project Manager,Hà Nội,2025-10-12
Backend,Hà Nội,2025-10-12
Quản Lý Dự Án,Hà Nội,2025-10-12
Kiến Trúc Sư Phần Mềm,Không rõ,2025-10-12
Quản Lý Dự Án,Hà Nội,2025-10-12
Business Analyst,TP. Hồ Chí Minh,2025-10-12
Backend,Hà Nội,2025-10-12
Business Analyst,Hà Nội,2025-10-12
Nhân Viên Vận Hành,Hà Nội,2025-10-12
Nhân Viên Hỗ Trợ Khách Hàng,Hà Nội,2025-10-12
Kỹ Sư Công Nghệ Thông Tin,Không rõ,2025-10-12
Business Analyst,TP. Hồ Chí Minh,2025-10-12
Nhân Viên Vận Hành,Hà Nội,2025-10-12
Nhân Viên Hỗ Trợ Khách Hàng,Hà Nội,2025-10-12
"Nhân Viên Tư Vấn Bảo Hiểm Phi Nhân Thọ (Máy Móc, Thiết Bị)",TP. Hồ Chí Minh,2025-10-12
Chuyên Viên Kế Toán Tổng Hợp - (Làm Việc Tại Nước Ngoài - Mozambique) - Mức Lương Từ 2000 Usd/tháng.,Không rõ,2025-10-12
[IT Product] Giám Đốc Phát Triển Nền Tảng & Sản Phẩm (Director of Integration Arch/ App PM/ Core Services PM/ Chat/ Voice AI/ Core Dev/ Super App/ Search/ Support Platform),Hà Nội,2025-10-12
Senior Sales Account Executive,Hà Nội,2025-10-12
Senior Product Specialist - BNPL,TP. Hồ Chí Minh,2025-10-12
"Kỹ Sư Kiểm Soát Chất Lượng/ Senior Engineer, QC",Hà Nội,2025-10-12
Data Analyst,Hà Nội,2025-10-12
Content Communication Specialist,TP. Hồ Chí Minh,2025-10-12
Finance Analyst,TP. Hồ Chí Minh,2025-10-12
Senior Financial Analyst (1B to 1.5B VND Per Year),Hà Nội,2025-10-12
Chuyên Viên Phân Tích Tài Chính,Thái Nguyên,2025-10-12
Assistant to the Deputy General Director (Tiếng Trung),TP. Hồ Chí Minh,2025-10-12
[IT Product] Giám Đốc Phát Triển Nền Tảng & Sản Phẩm (Director of Integration Arch/ App PM/ Core Services PM/ Chat/ Voice AI/ Core Dev/ Super App/ Search/ Support Platform),Hà Nội,2025-10-12
Senior Product Specialist - BNPL,TP. Hồ Chí Minh,2025-10-12
Nhân Viên Hành Chính-Nhân Sự Dự Án,Bình Dương,2025-10-12
Nhân Viên Dự Toán Nội Thất - Bóc Tách Khối Lượng,TP. Hồ Chí Minh,2025-10-12
Strategic Planning Manager,TP. Hồ Chí Minh,2025-10-12
Trưởng Ban Quản Lý Dự Án Tại Vân Đồn/ Quảng Ninh,Quảng Ninh,2025-10-12
CV/CVCC Tích Hợp (Java),Hà Nội,2025-10-12
Chuyên Viên Kinh Doanh Quốc Tế LCB 15Tr + Thưởng (Không Yêu Cầu Kinh Nghiệm),Hà Nội,2025-10-12
Senior Strategy Planner (IMC Planner),Hà Nội,2025-10-12
Biên Kịch/ Biên Tập (Full-Time),Hà Nội,2025-10-12
Performance Marketing Specialist (Up to $5000/month + Sign on Bonus),TP. Hồ Chí Minh,2025-10-12
Product Marketing Manager,Hà Nội,2025-10-12
Tổng Quản Lý Tại Chi Nhánh Phú Quốc,An Giang,2025-10-12
NET Developer,Hà Nội,2025-10-13
Back-End Developer,Hà Nội,2025-10-13
AI Engineer,Hà Nội,2025-10-13
Customer Success,Hà Nội,2025-10-13
Customer Success,Hà Nội,2025-10-13
System Engineer (Kỹ sư hệ thống nhuộm),Hưng Yên,2025-10-14
Frontend Developer,Hà Nội,2025-10-15
Frontend Developer,Hà Nội,2025-10-15
Frontend Developer,Không rõ,2025-10-15
Tuyển Kĩ Thuật Hệ Thống Mạng Và Thiết Bị làm việc tại Viện nghiên cứu và phát triển Sản phẩm thiên nhiên,Hà Nội,2025-10-15
Embedded SW Engineer (FBL),TP. Hồ Chí Minh,2025-10-15
Embedded SW Engineer (FBL),TP. Hồ Chí Minh,2025-10-15
Embedded SW Engineer (FBL),TP. Hồ Chí Minh,2025-10-15
Embedded SW Engineer (FBL),TP. Hồ Chí Minh,2025-10-15
Embedded SW Engineer (FBL),TP. Hồ Chí Minh,2025-10-15
Embedded SW Engineer (FBL),TP. Hồ Chí Minh,2025-10-15
Embedded SW Engineer (FBL),TP. Hồ Chí Minh,2025-10-15
Embedded SW Engineer (FBL),TP. Hồ Chí Minh,2025-10-15
Embedded SW Engineer (FBL),TP. Hồ Chí Minh,2025-10-15
Embedded SW Engineer (FBL),TP. Hồ Chí Minh,2025-10-15
Kỹ Sư Phát Triển Nhà Máy Thông Minh - Smart Factory,Hà Nội,2025-10-15
Chuyên Viên Phân Tích Nghiệp Vụ - Mã Số: Qldv-01,Hà Nội,2025-10-15
Tuyển VPBank Technology Hackathon 2025 - Senior Track làm việc tại Ngân Hàng TMCP Việt Nam Thịnh Vượng (VPBank),TP. Hồ Chí Minh,2025-10-15
Project Manager,Hà Nội,2025-10-15
Project Manager,Hà Nội,2025-10-15
Product Manager,Hà Nội,2025-10-15
Senior Product Manager,TP. Hồ Chí Minh,2025-10-15
Business Analyst,TP. Hồ Chí Minh,2025-10-15
Project Manager,Hà Nội,2025-10-15
Chuyên Viên Phân Tích Nghiệp Vụ,Hà Nội,2025-10-15
Project Manager,Hà Nội,2025-10-15
Nhân Viên Kỹ Thuật,Hải Phòng,2025-10-15
Tuyển Product Analytics Intern làm việc tại FPT IS,Hà Nội,2025-10-15
Kiến Trúc Sư Quy Hoạch - Nội Thất - Công Trình (Tuyển Gấp - Lương Thưởng Hấp Dẫn),Hà Nội,2025-10-15
Chuyên Viên Kinh Doanh Khách Hàng Doanh Nghiệp (Làm Việc Tại Timor Leste) Upto 1800$,Không rõ,2025-10-15
Salesman (Trình Dược Viên Kênh Bệnh Viện+ PK Bác Sĩ),TP. Hồ Chí Minh,2025-10-15
Manual Tester (QC/QA),TP. Hồ Chí Minh,2025-10-15
Nhân Viên Chứng Từ Xuất Khẩu và Hỗ Trợ Kinh Doanh,Hà Nội,2025-10-15
Executive Assistant,TP. Hồ Chí Minh,2025-10-15
Senior Digital Product Development Specialist (CASA & Payment),TP. Hồ Chí Minh,2025-10-15
Channel Sales Executive - (Camera Products),Không rõ,2025-10-15
"Fullstack Developer (Python, Vue/react)",TP. Hồ Chí Minh,2025-10-15
Manual Tester (QC/QA),TP. Hồ Chí Minh,2025-10-15
IT Audit,Hà Nội,2025-10-15
(JP 170) Kỹ Sư Lập Trình App Quản Lý Nội Bộ (VB.NET),Không rõ,2025-10-15
Senior - Risk Management Consultant,TP. Hồ Chí Minh,2025-10-15
Supervisor Accounting,TP. Hồ Chí Minh,2025-10-15
Kế Toán Giá Thành/ Cost Accountant,TP. Hồ Chí Minh,2025-10-15
Head Of Finance,Hà Nội,2025-10-15
QA Manager (working in Hai Phong),Hải Phòng,2025-10-15
IT Audit,Hà Nội,2025-10-15
"Fullstack Developer (Python, Vue/react)",TP. Hồ Chí Minh,2025-10-15
Chuyên Viên KHDN (Thu Nhập Hấp Dẫn Lên Tới 32 Triệu),Hà Nội,2025-10-15
Trưởng Phòng Sản Phẩm Và Quản Lý Hệ Thống - [BAC A BANK - Khối Vận Hành - Trung Tâm Thanh Toán Quốc Tế],Hà Nội,2025-10-15
Chuyên Viên Sản Phẩm Và Quản Lý Hệ Thống -[Bac A BANK - Khối Vận Hành - Trung Tâm Thanh Toán Quốc Tế],Hà Nội,2025-10-15
Chuyên Viên Phân Tích Nghiệp Vụ - Mã Số: Qldv-01,Hà Nội,2025-10-15
PR & Communications Manager,Hà Nội,2025-10-15
Deputy Manager Business Planing,Không rõ,2025-10-15
Senior Accountant,TP. Hồ Chí Minh,2025-10-15
Marketing Manager,TP. Hồ Chí Minh,2025-10-15
Technical Leader,Hà Nội,2025-10-16
Mobile Developer,TP. Hồ Chí Minh,2025-10-16
Frontend Developer,Hà Nội,2025-10-16
Inventory & Back Office Coordinator,TP. Hồ Chí Minh,2025-10-16
Marketing Officer (Aeon Mall Thanh Hoa - 544),Thanh Hóa,2025-10-16
Solution Implementation Specialist (Post-sales),TP. Hồ Chí Minh,2025-10-16
Software Engineer (Work from Home),TP. Hồ Chí Minh,2025-10-16
Chuyên Viên Kiểm Soát Tài Sản Cố Định Và Vận Hành,Hà Nội,2025-10-16
Marketing Officer (Aeon Mall Thanh Hoa - 544),Thanh Hóa,2025-10-16
[Tuyển Gấp] Nhân Viên Cải Tiến Chất Lượng Và Quy Trình Sản Phẩm,Bắc Ninh,2025-10-16
Data Engineer,TP. Hồ Chí Minh,2025-10-16
Nhân Viên Xử Lý Dữ Liệu AI (English C1 - Không Yêu Cầu Kinh Nghiệm),Hà Nội,2025-10-16
Tech Lead,Hà Nội,2025-10-16
Project Manager,Hà Nội,2025-10-16
Technical Leader,Hà Nội,2025-10-16
Kỹ Sư,Hà Nội,2025-10-16
Project Manager,Hà Nội,2025-10-16
Tuyển IT Compliance Office làm việc tại Ngân hàng SHB,Không rõ,2025-10-16
Business Analyst,Hà Nội,2025-10-16
Chuyên Viên Phân Tích Nghiệp Vụ,Hà Nội,2025-10-16
Technical Leader,Hà Nội,2025-10-16
Kỹ Sư,Hà Nội,2025-10-16
Chuyên Viên Kinh Doanh Tại VietnamWorks,Hà Nội,2025-10-16
[VietnamWorks] Nhân Viên Kinh Doanh (B2B),Hà Nội,2025-10-16
[HN] Nhân Viên Kinh Doanh - Telesales B2B,Hà Nội,2025-10-16
Trưởng Phòng Kinh Doanh Dịch Vụ Viễn Thông[ Thu Nhập Trên 300 Triệu/năm],Hà Nội,2025-10-16
Chuyên Viên Nghiên Cứu Thị Trường Và Phát Triển Sản Phẩm,Hà Nội,2025-10-16
Customer Service cum Administrator/ Nhân Viên Dịch Vụ Khách Hàng kiêm Hành Chính,TP. Hồ Chí Minh,2025-10-16
Chuyên Viên Pháp Chế,Hà Nội,2025-10-16
Sales Executive/chuyên Viên Kinh Doanh – Forwarding/ Logistics,Không rõ,2025-10-16
[Karofi Talent 25] Quản Lý Tài Năng Khối Kinh Doanh (B2B/ B2C/ International Sales),Hà Nội,2025-10-16
Assistant Business Director,TP. Hồ Chí Minh,2025-10-16
Sales Executive (Chinese Speaking - Hybrid),Hà Nội,2025-10-16
Senior/Lead Performance Tester,Hà Nội,2025-10-16
Transportation Controller (01 Long Haul) & (01 Short-Haul) / Chuyên Viên Điều Hành Vận Tải ( 01 Tuyến Dài & 01 Tuyến Ngắn),Hà Nội,2025-10-16
Nhân Viên Sales Admin,TP. Hồ Chí Minh,2025-10-16
Senior Project Manager,TP. Hồ Chí Minh,2025-10-16
[IT Product] DevSecOps Engineer/ Site Reliability Engineer (Head of Department / Expert / Senior Specialist),TP. Hồ Chí Minh,2025-10-16
[IT Product] Internal Tools/ Platform Engineer (Head of Department / Senior Engineer) (Automation | Security | Monitoring | Enablement),Không rõ,2025-10-16
Kỹ Sư Hệ Thống Phần Mềm (System Engineer),Bình Dương,2025-10-16
Software Engineer (Work from Home),TP. Hồ Chí Minh,2025-10-16
Middle DevOps Engineer,TP. Hồ Chí Minh,2025-10-16
Software Engineer (Work from Home),TP. Hồ Chí Minh,2025-10-16
Senior/Lead Performance Tester,Hà Nội,2025-10-16
Valuation Actuary Specialist,Hà Nội,2025-10-16
"Assistant Manager, Accounting",TP. Hồ Chí Minh,2025-10-16
Fashion Designer (US Market) - Up to 23 Months of Annual Salary,Hà Nội,2025-10-16
"Expert, Business Customer Segmentation and CVP",Hà Nội,2025-10-16
Senior Project Manager,TP. Hồ Chí Minh,2025-10-16
[IT Product] DevSecOps Engineer/ Site Reliability Engineer (Head of Department / Expert / Senior Specialist),TP. Hồ Chí Minh,2025-10-16
"Expert, Quality Control (CSA, ID, MEP)",Hà Nội,2025-10-16
"Lập Trình Viên Phần Mềm (Back-End, Front-End, Fullstack)",Hà Nội,2025-10-16
[VietnamWorks] Nhân Viên Kinh Doanh (B2B),Hà Nội,2025-10-16
Senior Account Executive - Mảng truyền thông/quảng cáo,TP. Hồ Chí Minh,2025-10-16
Human Resources Officer,Kiên Giang,2025-10-16
Inventory & Back Office Coordinator,TP. Hồ Chí Minh,2025-10-16
Chuyên Viên/ Chuyên Viên Cao Cấp Quan Hệ Khách Hàng Doanh Nghiệp (SMEs) Khu Vực Hà Nội,Hà Nội,2025-10-16
[Karofi Talent 25] Quản Lý Tài Năng Khối Marketing,Hà Nội,2025-10-16
Chuyên Viên Sales Admin,Hà Nội,2025-10-16
Human Resources Officer,Kiên Giang,2025-10-16
Operation Staff For Customs Clearance,Hà Nội,2025-10-16
System Control Agent Executive,Hà Nội,2025-10-16
Trưởng Phòng Công Nghệ,TP. Hồ Chí Minh,2025-10-17
Product Owner,Hà Nội,2025-10-17
Business Analyst,Hà Nội,2025-10-17
Trưởng Phòng Công Nghệ,TP. Hồ Chí Minh,2025-10-17
Chuyên Viên Vận Hành Hệ Thống,Hà Nội,2025-10-17
Full-Stack,TP. Hồ Chí Minh,2025-10-17
ReactJS,Không rõ,2025-10-17
Frontend Engineer,Hà Nội,2025-10-17
NodeJS Developer,Hà Nội,2025-10-17
Thực Tập Sinh,TP. Hồ Chí Minh,2025-10-17
Product Development Engineering Staff (New Factory),Bình Dương,2025-10-17
Front-End Developer,TP. Hồ Chí Minh,2025-10-17
Thanh Tra,Hà Nội,2025-10-17
Customer Service Officer - Hybrid,Không rõ,2025-10-17
Trade Marketing Manager,Không rõ,2025-10-17
Head Of After Sales Department,TP. Hồ Chí Minh,2025-10-17
Sales Strategy Associate,Không rõ,2025-10-17
Chuyên Viên Phân Tích Tài Chính Kinh Doanh (Fresher),Hà Nội,2025-10-17
Trưởng Phòng Công Nghệ,TP. Hồ Chí Minh,2025-10-17
IT,TP. Hồ Chí Minh,2025-10-17
IT,TP. Hồ Chí Minh,2025-10-17
Trưởng Phòng Công Nghệ,TP. Hồ Chí Minh,2025-10-17
Trưởng Phòng Công Nghệ,TP. Hồ Chí Minh,2025-10-17
Trưởng Phòng Kỹ Thuật,Hà Nội,2025-10-17
Team Leader,Không rõ,2025-10-17
Project Manager,Hà Nội,2025-10-17
Trưởng Phòng Công Nghệ,Hà Nội,2025-10-17
Product Owner,Hà Nội,2025-10-17
Business Analyst,Hà Nội,2025-10-17
Quản Lý Dự Án,Hà Nội,2025-10-17
Trưởng Phòng Kỹ Thuật,Hà Nội,2025-10-17
Tuyển IT Service Desk (Ha Noi) làm việc tại SHINHAN FINANCE,Không rõ,2025-10-17
Nhân Viên Vận Hành,Hà Nội,2025-10-17
Trưởng Phòng Kỹ Thuật,Hà Nội,2025-10-17
Trade Marketing Manager,TP. Hồ Chí Minh,2025-10-17
Nhân Viên Kinh Doanh/ Sales Engineer (Thu Nhập Có Thể Đạt 1 Tỷ Vnd/năm),Không rõ,2025-10-17
Senior Sales Executive,TP. Hồ Chí Minh,2025-10-17
Production Manager (5 Working Days Per Week),Hưng Yên,2025-10-17
Chuyên Viên Phân Tích Tài Chính Kinh Doanh (Fresher),Hà Nội,2025-10-17
Credit & Billing Accountant,TP. Hồ Chí Minh,2025-10-17
Trưởng Phòng Phát Triển Sản Phẩm Bán Lẻ - Khối Ngân Hàng Bán Lẻ Và Doanh Nghiệp,Hà Nội,2025-10-17
Business Admin & Data Analyst,TP. Hồ Chí Minh,2025-10-17
IT Infrastructure & Architecture Manager,Không rõ,2025-10-17
"Nhân Viên Kinh Doanh – Làm Việc Tại Linh Lang, Ba Đình, Hà Nội",Hà Nội,2025-10-17
Kế Toán Trưởng (Thu Nhập 25 - 35 Triệu/tháng),Không rõ,2025-10-17
Senior Human Resource Assistant (Recruitment),Hà Nội,2025-10-17
Account Manager (Lead Team Truyền Thông - Media Agency)- Lương 28-32 Triệu,Không rõ,2025-10-17
Chỉ Huy Trưởng Dự Án,Hà Nội,2025-10-17
IT Infrastructure & Architecture Manager,Không rõ,2025-10-17
[Làm Việc Tại Bắc Ninh] - Quản Lý Dự Án (Onsite) Về Tự Động Hóa Yêu Cầu Tiếng Trung Hoặc Tiếng Anh Giao Tiếp,Bắc Ninh,2025-10-17
RPA Developer,TP. Hồ Chí Minh,2025-10-17
[Tiền Giang (Cũ)] Giám Sát Bán Hàng Kênh Siêu Thị/ Sales Supervisor Kênh MT,Vĩnh Long,2025-10-17
Account Manager (Lead Team Truyền Thông - Media Agency)- Lương 28-32 Triệu,Không rõ,2025-10-17
Chuyên Viên Phát Triển Ứng Dụng,Hà Nội,2025-10-18
Trưởng Nhóm,TP. Hồ Chí Minh,2025-10-18
Frontend Developer,Hà Nội,2025-10-18
Reactjs Developer,Hà Nội,2025-10-18
Frontend Developer,Hà Nội,2025-10-18
Giảng Viên,Hà Nội,2025-10-18
Chuyên Viên Lập Trình,Hà Nội,2025-10-18
Fullstack Developer,Không rõ,2025-10-18
IT Korean Business Analyst,Hà Nội,2025-10-18
Parts Sales Support Officer,Hà Nội,2025-10-18
Kỹ Sư AI,Hà Nội,2025-10-18
Trưởng Phòng Vận Hành Tiktok Shop (TikTok Shop Operations Manager ),TP. Hồ Chí Minh,2025-10-18
Data Engineer,TP. Hồ Chí Minh,2025-10-18
Trưởng Phòng Kinh Doanh,Hà Nội,2025-10-18
[Ưu Tiên Nam] Trưởng Team Phát Triển Các Dự Án Giáo Dục [25-30Tr/ Tháng + Thưởng],Hà Nội,2025-10-18
Giám Đốc Công Nghệ Thông Tin,Hà Nội,2025-10-18
IT,Hà Nội,2025-10-18
IT,Hà Nội,2025-10-18
Tuyển System UI Leader làm việc tại Cty TNHH Thundersoft Việt Nam,Hà Nội,2025-10-18
IT,TP. Hồ Chí Minh,2025-10-18
Chuyên Viên Phân Tích Dữ Liệu,Hà Nội,2025-10-18
IT,Hà Nội,2025-10-18
Tuyển System UI Leader làm việc tại Cty TNHH Thundersoft Việt Nam,Hà Nội,2025-10-18
Trưởng Nhóm,TP. Hồ Chí Minh,2025-10-18
IT,TP. Hồ Chí Minh,2025-10-18
Tuyển Nhân Viên Nghiệp Vụ Hệ Thống làm việc tại Công ty TNHH MTV Logistics Viettel,Hà Nội,2025-10-18
Tuyển Lập Trình làm việc tại Cty Cổ phần Blueco toàn cầu,Hà Nội,2025-10-18
Chuyên Viên IT,Không rõ,2025-10-18
IT,TP. Hồ Chí Minh,2025-10-18
Talent Development Specialist (Chinese Speaking),TP. Hồ Chí Minh,2025-10-18
Business Intelligence Analyst,TP. Hồ Chí Minh,2025-10-18
Field Applications Engineer,Hà Nội,2025-10-18
Office Assistant (Administration and Finance Coordinator),TP. Hồ Chí Minh,2025-10-18
DevOps Engineer & Developer,Không rõ,2025-10-18
Quality Assurance Manager (Apparel/Garment),Không rõ,2025-10-18
Trưởng/ Phó Phòng Kinh Doanh,TP. Hồ Chí Minh,2025-10-18
Nhân Viên Kỹ Thuật Điện,Bắc Ninh,2025-10-19
Test Engineer,Hà Nội,2025-10-19
Kỹ Sư Giải Pháp Phần Mềm,Hà Nội,2025-10-19
Data Engineer,Hà Nội,2025-10-19
NET Developer,Hà Nội,2025-10-19
Quản Lý,Hà Nội,2025-10-19
Data Scientist,Hà Nội,2025-10-19
Backend Developer,TP. Hồ Chí Minh,2025-10-19
Tester,Hà Nội,2025-10-19
Golang Developer,Hà Nội,2025-10-19
Full-Stack,TP. Hồ Chí Minh,2025-10-19
AI Engineer,Hà Nội,2025-10-19
Java Developer,Hà Nội,2025-10-19
Product Manager,TP. Hồ Chí Minh,2025-10-19
Thực Tập Sinh IT,TP. Hồ Chí Minh,2025-10-19
ReactJS,Hà Nội,2025-10-19
Lập Trình Viên Backend,Hà Nội,2025-10-19
Quản Lý Dự Án,Hà Nội,2025-10-19
Backend Developer,Hà Nội,2025-10-19
Developer,Hà Nội,2025-10-19
Vận Hành Hệ Thống,TP. Hồ Chí Minh,2025-10-19
Business Analyst,TP. Hồ Chí Minh,2025-10-19
Business Analyst Leader,TP. Hồ Chí Minh,2025-10-19
Developer,TP. Hồ Chí Minh,2025-10-19
Full-Stack Developer,Hà Nội,2025-10-19
Developer,Hà Nội,2025-10-19
Thực Tập Sinh,Hà Nội,2025-10-19
Frontend Developer,Hà Nội,2025-10-19
Site QA/QC Engineer,Không rõ,2025-10-19
Site QA/QC Engineer,Không rõ,2025-10-19
Site QA/QC Engineer,Không rõ,2025-10-19
Site QA/QC Engineer,Không rõ,2025-10-19
Site QA/QC Engineer,Không rõ,2025-10-19
Site QA/QC Engineer,Không rõ,2025-10-19
Site QA/QC Engineer,Không rõ,2025-10-19
Site QA/QC Engineer,Không rõ,2025-10-19
Site QA/QC Engineer,Không rõ,2025-10-19
Site QA/QC Engineer,Không rõ,2025-10-19
Chuyên Gia Thiết Kế Giải Pháp Số,Hà Nội,2025-10-19
Digital Marketing Executive - Đà Nẵng,Không rõ,2025-10-19
Product & Market Validation Associate,TP. Hồ Chí Minh,2025-10-19
Business Analyst,Hà Nội,2025-10-19
Trưởng Nhóm,Hà Nội,2025-10-19
Product Manager,Hà Nội,2025-10-19
Product Manager,Hà Nội,2025-10-19
Tuyển Product Development làm việc tại CÔNG TY TNHH SẢN XUẤT & THƯƠNG MẠI DƯỢC MỸ PHẨM ASIALAB,TP. Hồ Chí Minh,2025-10-19
IT,Hà Nội,2025-10-19
Project Manager,Hà Nội,2025-10-19
Business Analyst,Hà Nội,2025-10-19
Trưởng Nhóm,Hà Nội,2025-10-19
Tuyển Product Development làm việc tại CÔNG TY TNHH SẢN XUẤT & THƯƠNG MẠI DƯỢC MỸ PHẨM ASIALAB,TP. Hồ Chí Minh,2025-10-19
Tuyển Process Quality Assurance Executive làm việc tại GMO-Z.com RUNSYSTEM,Không rõ,2025-10-19
Software Developer,Hà Nội,2025-10-19
Business Analyst,Hà Nội,2025-10-19
Nhân Viên IT,Bắc Ninh,2025-10-19
Game Designer,Hà Nội,2025-10-19
Chuyên Viên IT,TP. Hồ Chí Minh,2025-10-19
Game Designer,TP. Hồ Chí Minh,2025-10-19
Business Analyst Leader,TP. Hồ Chí Minh,2025-10-19
Game Designer,Không rõ,2025-10-19
Developer,TP. Hồ Chí Minh,2025-10-19
Tuyển Process Quality Assurance Executive làm việc tại GMO-Z.com RUNSYSTEM,Không rõ,2025-10-19
Nhân Viên IT,Hưng Yên,2025-10-19
Thực Tập Sinh IT,TP. Hồ Chí Minh,2025-10-19
System Administrator,TP. Hồ Chí Minh,2025-10-19
[Toàn Quốc] Chuyên Viên Tư Vấn Bảo Hiểm - Kênh Hợp Tác Ngân Hàng (Bancassurance),Hà Nội,2025-10-19
FOOD QC LEADER (Japanese Speaking),TP. Hồ Chí Minh,2025-10-19
Production Engineering Manager (new electronics manufacturing factory),Hà Nội,2025-10-19
Chuyên Viên Phát Triển Kinh Doanh - Business Development Officer - Khối Doanh Nghiệp Vừa và Nhỏ (HO25.394),TP. Hồ Chí Minh,2025-10-19
Chuyên Viên Vận Hành Phần Mềm,Hà Nội,2025-10-19
Chuyên Viên Tuyển Dụng Cao Cấp (Senior Recruitment Specialist),Hà Nội,2025-10-19
Chuyên Viên Cao Cấp Vận Hành Nghiệp Vụ,Hà Nội,2025-10-19
Chuyên Viên IT,TP. Hồ Chí Minh,2025-10-19
"Associate Manager, Agency Planning & Strategy",TP. Hồ Chí Minh,2025-10-19
Sales Specialist (B2B/b2G),Hà Nội,2025-10-19
Chuyên Viên IT,TP. Hồ Chí Minh,2025-10-19
Structural Engineer (Junior/Middle/Senior),TP. Hồ Chí Minh,2025-10-19
Chuyên Viên Sản Phẩm Thanh Toán,Hà Nội,2025-10-19
"Manager, P2P Procurement Operations",Hà Nội,2025-10-19
"Analyst, P2P Procurement Operations",Hà Nội,2025-10-19
"Senior Analyst, P2P Procurement Operations",Hà Nội,2025-10-19
Trưởng Phòng Kinh Doanh Bất Động Sản,Hà Nội,2025-10-19
Kế Toán Trưởng - Thu Nhập Từ 15 Đến 20 Triệu - Hà Nội,Hà Nội,2025-10-19
"Associate, Investigations Diligence and Compliance - Core (Japanese)",Hà Nội,2025-10-19
Trưởng Phòng Vận Hành Quản Trị Quỹ,Hà Nội,2025-10-19
Head Of Export Sales (Attractive Salary),Không rõ,2025-10-19
"Associate Manager, Agency Planning & Strategy",TP. Hồ Chí Minh,2025-10-19
Manufacturing Engineer (GA/BIW),Hà Tĩnh,2025-10-19
Chuyên Viên Đấu Thầu MEP Cao Cấp,TP. Hồ Chí Minh,2025-10-19
Global EDI Integration Specialist,Không rõ,2025-10-19
Thông Dịch Kiêm Trợ Lý Trưởng Phòng Mua Hàng (Tiếng Nhật N1),TP. Hồ Chí Minh,2025-10-19
T&T Consultant - Sales & Service (Salesforce Developer),TP. Hồ Chí Minh,2025-10-19
Chuyên Viên Tuyển Dụng Cao Cấp (Senior Recruitment Specialist),Hà Nội,2025-10-19
Phiên Dịch Tiếng Nhật Làm Việc Tại Thành Phố Hòa Bình,Hòa Bình,2025-10-19
Chuyên Viên C&B Thành Thạo Tiếng Trung,Hà Nội,2025-10-19
Chuyên Viên Pháp Chế (Hà Nội),Hà Nội,2025-10-19
Accountant,TP. Hồ Chí Minh,2025-10-19
Chuyên Viên Tuyển Dụng Cao Cấp (Senior Recruitment Specialist),Hà Nội,2025-10-19
Site Electrical Engineer,Hà Nội,2025-10-19
Kế Toán Tổng Hợp (English or Chinese Speaker),Long An,2025-10-19
Chuyên Viên Và Nhân Viên Phòng Đào Tạo,Không rõ,2025-10-19
Product Owner,Hà Nội,2025-10-20
NET Developer,Hà Nội,2025-10-20
Senior Backend Developer,TP. Hồ Chí Minh,2025-10-20
Kỹ Sư,Vĩnh Long,2025-10-20
Business Analyst,Không rõ,2025-10-20
Fullstack Developer,Hà Nội,2025-10-20
Business Analyst,Hà Nội,2025-10-20
Business Analyst,Không rõ,2025-10-20
Account Manager,Hà Nội,2025-10-20
Business Analyst,Không rõ,2025-10-20
Account Manager,Hà Nội,2025-10-20
Business Analyst,Không rõ,2025-10-20
Account Manager,Hà Nội,2025-10-20
Footwear Industrial Engineer Manager,Không rõ,2025-10-20
Unity Developer,Hà Nội,2025-10-22
Game,Hà Nội,2025-10-22
Senior Software Engineer,TP. Hồ Chí Minh,2025-10-22
Kỹ Sư Phần Mềm Nhúng,Hà Nội,2025-10-22
IT,Hà Nội,2025-10-22
Manual Tester,Hà Nội,2025-10-22
Nhân Viên IT,Hà Nội,2025-10-22
Lập Trình Viên,Hà Nội,2025-10-22
Net Developer,Hà Nội,2025-10-22
Frontend Developer,Hà Nội,2025-10-22
Product Owner,Hà Nội,2025-10-22
Business Analyst,Hà Nội,2025-10-22
Nhân Viên IT,TP. Hồ Chí Minh,2025-10-22
Fullstack,TP. Hồ Chí Minh,2025-10-22
Frontend Developer,Hà Nội,2025-10-22
Fullstack Developer,TP. Hồ Chí Minh,2025-10-22
Tuyển WordPress Developer | Mid-Level - (13h - 22h) Remote làm việc tại CENNEXT,Không rõ,2025-10-22
"[Sign-On Bonus] Senior Frontend Engineer (React/nextjs), Storefront Ecommerce Platform (Total Annual Compensation $55,000)",Hà Nội,2025-10-22
Chuyên Viên Phân Tích Thu Hồi Nợ,Hà Nội,2025-10-22
"Senior Officer, Business Intelligence (Life Insurance Project)",Hà Nội,2025-10-22
Senior Data Engineer,Hà Nội,2025-10-22
"Junior Performance Marketing Specialist (Up to $5,000 + Sign-On Bonus)",Hà Nội,2025-10-22
Performance Marketing Executive,TP. Hồ Chí Minh,2025-10-22
Chuyên Viên Thẩm Định Phê Duyệt Tín Dụng Qua Điện Thoại,TP. Hồ Chí Minh,2025-10-22
Solution Architect,TP. Hồ Chí Minh,2025-10-22
Business Analyst,Hà Nội,2025-10-22
Solution Architect,TP. Hồ Chí Minh,2025-10-22
Business Analyst,Hà Nội,2025-10-22
Team Leader,Hà Nội,2025-10-22
IT,Hà Nội,2025-10-22
Project Manager,Hà Nội,2025-10-22
Business Analyst,Hà Nội,2025-10-22
Solution Architect,TP. Hồ Chí Minh,2025-10-22
Chuyên Viên Phân Tích Nghiệp Vụ,Hà Nội,2025-10-22
Product Owner,Hà Nội,2025-10-22
Project Manager,Hà Nội,2025-10-22
IT Comtor,TP. Hồ Chí Minh,2025-10-22
Business Analyst,Hà Nội,2025-10-22
Solution Architect,TP. Hồ Chí Minh,2025-10-22
Nhân Viên IT,Hải Phòng,2025-10-22
Nhân Viên Kỹ Thuật,Hải Phòng,2025-10-22
Business Analyst,Hà Nội,2025-10-22
Business Planning Supervisor,TP. Hồ Chí Minh,2025-10-22
Giao Dịch Viên Chuyển Tiền Doanh Nghiệp - 对公汇款岗位工作职责,TP. Hồ Chí Minh,2025-10-22
"Digital Partnership Development, Senior Officer",Không rõ,2025-10-22
Senior New Acquisition Specialist - Credit Card,TP. Hồ Chí Minh,2025-10-22
Trưởng Phòng Kế Hoạch Kinh Doanh,Không rõ,2025-10-22
Nhân Viên Kinh Doanh Lương Upto 50Tr/tháng,Hưng Yên,2025-10-22
Trưởng Ngành Hàng Điện Máy,TP. Hồ Chí Minh,2025-10-22
"Manager, Client Management (Healthcare)",Không rõ,2025-10-22
School Operations Executive,TP. Hồ Chí Minh,2025-10-22
Restaurant Operation Manager/ F&B Manager (Catering Services),TP. Hồ Chí Minh,2025-10-22
Technical Support,TP. Hồ Chí Minh,2025-10-22
"Industrial AI Scientist (Ph.D, Machine Learning)",TP. Hồ Chí Minh,2025-10-22
Nhân Viên Kinh Doanh,TP. Hồ Chí Minh,2025-10-22
"Chuyên Viên Tư Vấn Khách Hàng Có Sẵn - Lương Cứng Từ 10 Triệu (Sales B2B, Business Development)",Không rõ,2025-10-22
Director Assistant,TP. Hồ Chí Minh,2025-10-22
Chuyên Viên Phân Tích Thu Hồi Nợ,Hà Nội,2025-10-22
"Senior Officer, Business Intelligence (Life Insurance Project)",Hà Nội,2025-10-22
Nhân Viên Phát Triển Phần Mềm,Bắc Ninh,2025-10-22
Assistant Key Account Manager (Modern Trade),TP. Hồ Chí Minh,2025-10-22
Civil & Structural Design Engineer,TP. Hồ Chí Minh,2025-10-22
"Digital Marketing Manager (Up to $10,000 + Sign-On Bonus Up to 3 month)",TP. Hồ Chí Minh,2025-10-22
"Product Content Creator (Up-To $5000) - SGN , HAN",Hà Nội,2025-10-22
Finance Analyst/ Costing Analyst,Bình Dương,2025-10-22
Kỹ Sư Xây Dựng (Tiếng Anh Giao Tiếp),Thanh Hóa,2025-10-22
Automation Tester,TP. Hồ Chí Minh,2025-10-22
Kỹ Sư Phần Mềm (Software Engineering) - Lương Upto 40M,Bắc Ninh,2025-10-22
Solution Architect (Life Insurance Project),Hà Nội,2025-10-22
Kế Toán Trưởng- Tài Chính Kế Toán,Hà Nội,2025-10-22
"Marketing Events & Trips, Specialist",TP. Hồ Chí Minh,2025-10-22
Leasing Planning Officer (HCM Head Office - 537),TP. Hồ Chí Minh,2025-10-22
Senior New Acquisition Specialist - Credit Card,TP. Hồ Chí Minh,2025-10-22
Solution Architect (Life Insurance Project),Hà Nội,2025-10-22
Nhân Viên Quản Lý Đơn Hàng (Làm Việc Tại Oto Vina),Không rõ,2025-10-22
Mobile Developer,Hà Nội,2025-10-23
Artist,TP. Hồ Chí Minh,2025-10-23
Full Stack,TP. Hồ Chí Minh,2025-10-23
Kỹ Sư,Hà Nội,2025-10-23
Fullstack Developer,TP. Hồ Chí Minh,2025-10-23
Flutter Developer,Hà Nội,2025-10-23
Nhân Viên Phân Tích Nghiệp Vụ,Hà Nội,2025-10-23
IT,TP. Hồ Chí Minh,2025-10-23
Product Owner,TP. Hồ Chí Minh,2025-10-23
Nhân Viên Phân Tích Nghiệp Vụ,Hà Nội,2025-10-23
IT Helpdesk/Support,TP. Hồ Chí Minh,2025-10-23
Manual Tester,Hà Nội,2025-10-23
Frontend Developer,Hà Nội,2025-10-23
Lập Trình Viên Java,Hà Nội,2025-10-23
Front End Developer,Hà Nội,2025-10-23
Lập Trình Viên Front-End,Hà Nội,2025-10-23
HR - Admin Staff (Chinese Required),TP. Hồ Chí Minh,2025-10-23
Corporate Sales Manager/ Trưởng Nhóm Quản Lý Kinh Doanh Khách Hàng Doanh Nghiệp,Hà Nội,2025-10-23
Phát Triển Sản Phẩm,Hà Nội,2025-10-23
Project Manager,Hà Nội,2025-10-23
Quản Trị Dự Án,Hà Nội,2025-10-23
Project Manager,Hà Nội,2025-10-23
Tuyển Middle NextJS làm việc tại CÔNG TY CỔ PHẦN PAYTECH,Hà Nội,2025-10-23
Tuyển Product Intern làm việc tại Công ty Cổ phần TOPCV Việt Nam,Không rõ,2025-10-23
Quản Trị Dự Án,Hà Nội,2025-10-23
Chuyên Viên IT,TP. Hồ Chí Minh,2025-10-23
Game Designer,TP. Hồ Chí Minh,2025-10-23
Tuyển Middle NextJS làm việc tại CÔNG TY CỔ PHẦN PAYTECH,Hà Nội,2025-10-23
Tuyển Product Intern làm việc tại Công ty Cổ phần TOPCV Việt Nam,Không rõ,2025-10-23
Specification Executive - Protective Coatings (North),Hà Nội,2025-10-23
[RV3] Chuyên Viên Quan Hệ Khách Hàng Cá Nhân - RB - MSB - 1O268,Không rõ,2025-10-23
Personal Assistant to the Chairman of the Board,Hà Nội,2025-10-23
Nhân Viên Kinh Doanh - Mức Lương Khởi Điểm 15 Triệu,Không rõ,2025-10-23
"Area Sales Executive (GT, Open for Fresh Graduates)",Không rõ,2025-10-23
"Sales Executive (Có Đi Thị Trường) – Làm Việc Tại Hồ Chí Minh, Bình Dương, Hà Nội",Hà Nội,2025-10-23
Kỹ Sư Phát Triển Sản Phẩm (AI-Powered Full-Cycle Engineer),TP. Hồ Chí Minh,2025-10-23
QC Technician,Không rõ,2025-10-23
IT Infrastructure Manager,TP. Hồ Chí Minh,2025-10-23
Chuyên Viên Hỗ Trợ Công Nghệ Thông Tin (IT Support),Hà Nội,2025-10-23
Chuyên Viên Cao Cấp Phát Triển Ứng Dụng T24 (Java),Hà Nội,2025-10-23
Nhân Viên Phân Tích Nghiệp Vụ Và Kiểm Thử Phần Mềm,Hà Nội,2025-10-23
"(Senior) Specialist, Analytics",TP. Hồ Chí Minh,2025-10-23
Assistant Manager,Hà Nội,2025-10-23
Software Engineer,TP. Hồ Chí Minh,2025-10-23
Supply Chain Operation Lead (1 - 1.5 B Vnd/year) (with Relocation Package & Sign on Bonus),Hà Nội,2025-10-23
Tuyển Sinh Thạc Sỹ Tài Chính,Hà Nội,2025-10-23
"Lead UA Performance Marketing, Global E-Commerce Mobile App - Up to 30-Month Salary + Sign-On Bonus Up to 3 month (English Proficiency required)",Hà Nội,2025-10-23
Chuyên Viên Cao Cấp Phát Triển Ứng Dụng T24 (Java),Hà Nội,2025-10-23
Trương Nhom Digital Marketing,Hà Nội,2025-10-23
Specification Executive - Protective Coatings (North),Hà Nội,2025-10-23
Quản Lý Nghiên Cứu Và Phát Triển Sản Phẩm (R&D Manager),Hà Nội,2025-10-23
Plant Manager (Làm Việc Tại Đà Nẵng),Không rõ,2025-10-23
Program Manager (Based in Hoi An),Đà Nẵng,2025-10-23
[Gấp] Giám Đốc Dự Án/ PM,Hà Tĩnh,2025-10-23
Kiến Trúc Sư Dự Án (Lương Thưởng Hấp Dẫn),Hà Nội,2025-10-23
Software Engineer,TP. Hồ Chí Minh,2025-10-23
English and Communication Trainer,Hà Nội,2025-10-23
"Lead UA Performance Marketing, Global E-Commerce Mobile App - Up to 30-Month Salary + Sign-On Bonus Up to 3 month (English Proficiency required)",Hà Nội,2025-10-23
Senior SEO Specialist (Semantic Search),TP. Hồ Chí Minh,2025-10-23
HR Recruiter (level AM up),Bắc Ninh,2025-10-23
English and Communication Trainer,Hà Nội,2025-10-23
Software Engineer Android HMI Sdk Development for Automotive Domain,Hà Nội,2025-10-23
Tester,Hà Nội,2025-10-24
AI Engineer,Hà Nội,2025-10-24
Backend Developer,Hà Nội,2025-10-24
Nhân Viên Kiểm Thử Phần Mềm,Hà Nội,2025-10-24
IT,TP. Hồ Chí Minh,2025-10-24
Chuyên Viên Kiểm Thử Phần Mềm,Hà Nội,2025-10-24
AI Engineer,Hà Nội,2025-10-24
Tuyển Chuyên Viên Giải Pháp Phần Mềm làm việc tại Công ty TNHH phát triển AROMA,Hà Nội,2025-10-24
ERP,Hà Nội,2025-10-24
Senior Business Analyst,Hà Nội,2025-10-24
Frontend Developer,TP. Hồ Chí Minh,2025-10-24
QA Staff (New Factory),TP. Hồ Chí Minh,2025-10-24
Trưởng Bộ Phận C&B và Quan Hệ Lao Động,Hà Nội,2025-10-24
Medical Science Liaison (MSL),TP. Hồ Chí Minh,2025-10-24
Analytics Engineer,Hà Nội,2025-10-24
Chuyên Viên Phát Triển Khoa Học Dữ Liệu - Data Scientist - Khối Công Nghệ Thông Tin (HO25.400),Hà Nội,2025-10-24
Project Manager Officer,TP. Hồ Chí Minh,2025-10-24
Project Manager Officer,TP. Hồ Chí Minh,2025-10-24
Tuyển Chuyên Viên Giải Pháp Phần Mềm làm việc tại Công ty TNHH phát triển AROMA,Hà Nội,2025-10-24
Tuyển Tech Leader làm việc tại Công ty cổ phần TechLead,Hà Nội,2025-10-24
Technical Lead,Hà Nội,2025-10-24
Admin,Hà Nội,2025-10-24
Chuyên Viên Dự Án,TP. Hồ Chí Minh,2025-10-24
ERP,Hà Nội,2025-10-24
Project Manager,Không rõ,2025-10-24
Business Analyst,Hà Nội,2025-10-24
Tuyển Chuyên Viên Giải Pháp Phần Mềm làm việc tại Công ty TNHH phát triển AROMA,Hà Nội,2025-10-24
Tuyển Tech Leader làm việc tại Công ty cổ phần TechLead,Hà Nội,2025-10-24
Admin,Hà Nội,2025-10-24
ERP,Hà Nội,2025-10-24
Senior Business Analyst,Hà Nội,2025-10-24
Admin,Hà Nội,2025-10-24
ERP,Hà Nội,2025-10-24
Sales Admin Executive (Non-Life Insurance),TP. Hồ Chí Minh,2025-10-24
"Test Engineer (Manual/Automation, From 1 YOE, Automotive domain)",Hà Nội,2025-10-24
Kỹ Sư Thử Nghiệm,Quảng Ninh,2025-10-24
Process Quality Assurance (PQA),Hà Nội,2025-10-24
Product Manager_ Quản Lý Dự Án Kinh Doanh Nguồn Vốn,Hà Nội,2025-10-24
Senior Data Engineer (Up to 50Mil VND),TP. Hồ Chí Minh,2025-10-24
Chuyên Viên Cao Cấp Phân Tích Dữ Liệu và Xây Dựng Mô Hình Phát Hiện Gian Lận - Khối Quản Trị Rủi Ro (HO25.365),Hà Nội,2025-10-24
Quality Control Specialist,TP. Hồ Chí Minh,2025-10-24
Commercial Analyst – D2C Offline Brandstore,TP. Hồ Chí Minh,2025-10-24
Business Analyst ( Banking / Finance ),TP. Hồ Chí Minh,2025-10-24
"Test Engineer (Manual/Automation, From 1 YOE, Automotive domain)",Hà Nội,2025-10-24
Analytics Engineer,Hà Nội,2025-10-24
"AI Engineer, Senior",Không rõ,2025-10-24
Kỹ Sư Xây Dựng - Thu Nhập Upto 25 Triệu,Hà Nội,2025-10-24
Accounting Manager / Chief Accountant,Hải Phòng,2025-10-24
Chuyên Viên Phát Triển Kinh Doanh và Sản Phẩm Thẻ - Card Business Product Owner - Khối Ngân Hàng Số (Ho25.369),Hà Nội,2025-10-24
Commercial Analyst – D2C Offline Brandstore,TP. Hồ Chí Minh,2025-10-24
[ Hot Job ] Chuyên Viên Tư Vấn Môi Trường (Lên Tới 50 Triệu/tháng),Hà Nội,2025-10-24
Chuyên Viên Quản Lý Dự Án,Hà Nội,2025-10-24
Kiến Trúc Sư Cao Cấp / Lead Architect,TP. Hồ Chí Minh,2025-10-24
Back End Developer,Hà Nội,2025-10-24
[ Hot Job ] Chuyên Viên Tư Vấn Môi Trường (Lên Tới 50 Triệu/tháng),Hà Nội,2025-10-24
Nhân Viên Thiết Kế,Hà Nội,2025-10-24
Installation & Service Engineer,Phú Thọ,2025-10-24
IT Comtor,Hà Nội,2025-10-25
"Tuyển Engineering Manager (.NET, Hands-On ) làm việc tại CÔNG TY CỔ PHẦN CÔNG NGHỆ AROBID",TP. Hồ Chí Minh,2025-10-25
Software Engineer,Hà Nội,2025-10-25
Backend Developer,Hà Nội,2025-10-25
Engineer,Hà Nội,2025-10-25
QA,TP. Hồ Chí Minh,2025-10-25
Senior .NET Developer,Hà Nội,2025-10-25
Data Scientist,Hà Nội,2025-10-25
Chuyên Viên IT,TP. Hồ Chí Minh,2025-10-25
Project Management,TP. Hồ Chí Minh,2025-10-25
Lập Trình Viên Android,Hà Nội,2025-10-25
Frontend Developer,Hà Nội,2025-10-25
AI Engineer,TP. Hồ Chí Minh,2025-10-25
Fullstack,TP. Hồ Chí Minh,2025-10-25
Nhân Viên Tester,Hà Nội,2025-10-25
Frontend Developer,Hà Nội,2025-10-25
Lập Trình Viên,Hà Nội,2025-10-25
Chuyên Gia Phân Tích Kỹ Thuật Bất Động Sản,Hà Nội,2025-10-25
Product Management Manager,TP. Hồ Chí Minh,2025-10-25
Game Designer,TP. Hồ Chí Minh,2025-10-25
Game Designer,TP. Hồ Chí Minh,2025-10-25
Business Analyst,Hà Nội,2025-10-25
Tech Lead,Hà Nội,2025-10-25
BA,TP. Hồ Chí Minh,2025-10-25
Game Designer,TP. Hồ Chí Minh,2025-10-25
Product Owner,Hà Nội,2025-10-25
Tech Lead,Hà Nội,2025-10-25
Business Analyst,Hà Nội,2025-10-25
Game Designer,TP. Hồ Chí Minh,2025-10-25
Nhân Viên Dự Án,Hà Nội,2025-10-25
"Consultant, Reporting & Insights (Senior Business Analyst)",TP. Hồ Chí Minh,2025-10-25
Engagement Coordinator,Hà Nội,2025-10-25
"Middle/ Senior Fullstack (Java, Python & Frontend)",Hà Nội,2025-10-25
Nhân Viên Kinh Doanh Thị Trường (Máy Soundbox),Hà Nội,2025-10-25
"Nhân Viên Kinh Doanh Giải Pháp Smart Garage Solution (Lương 10-20 Triệu, Không Yêu Cầu Kinh Nghiệm)",TP. Hồ Chí Minh,2025-10-25
"Automated Test Experience Engineer (Python, C#)",Không rõ,2025-10-25
Senior AI Developer,Không rõ,2025-10-25
ICT Data Services Manager,Hưng Yên,2025-10-25
Trưởng Phòng Giải Pháp Thanh Toán,Hà Nội,2025-10-25
Chuyên Viên Cao Cấp Mô Hình Rủi Ro,Hà Nội,2025-10-25
Sales & Services Engineer,Không rõ,2025-10-25
Giám Sát Xây Dựng,Không rõ,2025-10-25
Trưởng nhóm Phân tích nghiệp vụ ( Chứng khoán / Securities ) Business Analyst Lead,Không rõ,2025-10-25
Business Analyst (Senior Level),Hà Nội,2025-10-25
Chuyên Gia Vận Hành Chính Sách Kinh Doanh/ Sales Policy Operation Expert,TP. Hồ Chí Minh,2025-10-25
Kế Toán Trưởng,Phú Thọ,2025-10-25
RM Tập Sự KHCN - CN. Sóc Sơn (CN25.236),Không rõ,2025-10-25
RM Tập Sự KHCN - CN. Thái Thịnh (CN25.235),Không rõ,2025-10-25
Chuyên Viên Khách Hàng Cá Nhân - CN. Thái Thịnh (CN25.231),Không rõ,2025-10-25
Chuyên Viên Khách Hàng Cá Nhân - CN. Sóc Sơn (CN25.232),Không rõ,2025-10-25
Phú Quốc - Giám Sát Thi Công Cơ Điện - Dự Án Park Hyatt,Kiên Giang,2025-10-25
Kỹ Sư Điện Điều Khiển PLC Cho Các Dự Án Thiết Bị Công Nghiệp,Hà Nội,2025-10-25
Phú Quốc - Trưởng Nhóm Quản Lý Khối Lượng Và Thanh Quyết Toán - Dự Án Park Hyatt,Không rõ,2025-10-25
Project Engineer - Long An,Long An,2025-10-25
Manufacturing Test Development Engineer,Hà Nội,2025-10-25
Corporate Planning Officer (Finance Background),Thanh Hóa,2025-10-25
Phó Tổng Giám Đốc Phụ Trách Tài Chính Dự Án (Mảng Năng Lượng),Hà Nội,2025-10-25
Giám Đốc Ban Điều Hành Dự Án (Biết Tiếng Trung) - Lương Upto 50 Triệu,Hà Nội,2025-10-25
Chuyên Gia Phân Tích Kỹ Thuật Bất Động Sản,Hà Nội,2025-10-25
Engagement Coordinator,Hà Nội,2025-10-25
Cần Thơ - Chuyên Viên Quan Hệ Khách Hàng Cá Nhân - Retail Relationship Manager,Cần Thơ,2025-10-25
Manufacturing Test Development Engineer,Hà Nội,2025-10-25
Associate Product Designer / Product Design Trainee (Vehicles),Hải Phòng,2025-10-25
Test Engineer (Full Time) - Vietnam,Hà Nội,2025-10-25
"Advance Supplier Quality Supervisor (Plastic, Motor, Electronics & Metal)",TP. Hồ Chí Minh,2025-10-25
IPQC Supervisor,Đồng Nai,2025-10-25
Senior Operation Quality Engineer,TP. Hồ Chí Minh,2025-10-25
Engagement Coordinator,Hà Nội,2025-10-25
Procurement Specialist (Anh- Trung),TP. Hồ Chí Minh,2025-10-25
Java Developer,Hà Nội,2025-10-26
Golang Developer,TP. Hồ Chí Minh,2025-10-26
Automation Tester,Hà Nội,2025-10-26
Flutter Developer,TP. Hồ Chí Minh,2025-10-26
Lập Trình Viên Backend,Hà Nội,2025-10-26
Chuyên Viên Phân Tích Dữ Liệu,Hà Nội,2025-10-26
Nhân Viên IT Phần Cứng,TP. Hồ Chí Minh,2025-10-26
Flutter Developer,Hà Nội,2025-10-26
Business Analyst,Hà Nội,2025-10-26
Business Analyst,TP. Hồ Chí Minh,2025-10-26
Business Analyst,Hà Nội,2025-10-26
PHP,TP. Hồ Chí Minh,2025-10-26
Lập Trình Viên Web Fullstack,TP. Hồ Chí Minh,2025-10-26
Odoo Developer,TP. Hồ Chí Minh,2025-10-26
Kỹ Sư Dữ Liệu - Data Engineer,Hà Nội,2025-10-26
Kỹ Sư Phân Tích Dữ Liệu,Hà Nội,2025-10-26
Công Nghệ Thông Tin,Hà Nội,2025-10-26
Công Nghệ Thông Tin,Hà Nội,2025-10-26
Tuyển Operation & System Executive làm việc tại CÔNG TY CỔ PHẦN TẬP ĐOÀN NEXTTECH,TP. Hồ Chí Minh,2025-10-26
Giám Đốc Vận Hành,Hà Nội,2025-10-26
Giám Đốc Công Nghệ,Hà Nội,2025-10-26
Sales Engineer (Industrial Automation),Hà Nội,2025-10-26
Chuyên Viên Cao Cấp Bảo Hiểm - Khu Vực HN và Các Tỉnh Phía Bắc,Hà Nội,2025-10-26
Project Manager (Japan),Không rõ,2025-10-26
D365 Functional Consultant (Supply Chain),TP. Hồ Chí Minh,2025-10-26
"Middle SAP Developer (BTP CAP, Fiori/SAPUI5)",Hà Nội,2025-10-26
Senior ABAP Developer,Hà Nội,2025-10-26
Senior Data Architecture & Governance Specialist,TP. Hồ Chí Minh,2025-10-26
Senior Back-End Developer,TP. Hồ Chí Minh,2025-10-26
Senior Data Engineer,Hà Nội,2025-10-26
Operations Team Manager (Chinese),TP. Hồ Chí Minh,2025-10-26
Kỹ Sư IT Phần Cứng,Không rõ,2025-10-26
Key Account Assistant Manager,Không rõ,2025-10-26
Sr. PE Test Engineer,Hải Dương,2025-10-26
Kỹ Sư Khoa Học Dữ Liệu (Data Scientist),Hà Nội,2025-10-26
Trưởng Phòng Quản Lý Hiệu Suất Kinh Doanh,Hà Nội,2025-10-26
Kĩ Sư Bán Hàng Nhiệt Lạnh ( Sales Engineer ),Không rõ,2025-10-26
Google Performance Marketing Specialist (Up-To $5000),Hà Nội,2025-10-26
"Google Ads Performance Marketing Team Lead, Global E-Commerce (Up to 7000$ + Sign-On Bonus Up to 3 month)",Hà Nội,2025-10-26
"Technical Designer (Intimate, US Market)",Hà Nội,2025-10-26
Senior Data Engineer,Hà Nội,2025-10-26
Software Engineer,Hà Nội,2025-10-26
Vinhomes - Trưởng Phòng Kinh Doanh BĐS,TP. Hồ Chí Minh,2025-10-26
Project Manager (Japan),Không rõ,2025-10-26
Senior PMO (JP Market Experience Preferred),TP. Hồ Chí Minh,2025-10-26
Nhân Viên Kế Toán Dự Án,Hà Nội,2025-10-26
Chủ Nhiệm Dự Án Và Triển Khai Kỹ Thuật 2D,Hà Nội,2025-10-26
Chủ Nhiệm Dự Án Diễn Họa 3D và Dựng Phim,Hà Nội,2025-10-26
Chuyên Viên Kinh Doanh Dự Án (Ngành Vật Liệu Xây Dựng/nội Thất/ Thiết Bị Vệ Sinh),TP. Hồ Chí Minh,2025-10-26
"Projects Manager (Working Place: Hà Nội, Thái Nguyên)",Thái Nguyên,2025-10-26
Manufacturing Engineering Staff,Hà Nội,2025-10-26
Account Manager,TP. Hồ Chí Minh,2025-10-26
Trưởng Phòng Marketing (Thu Nhập Tới 40Tr/ Tháng),Hà Nội,2025-10-26
Chuyên Viên Phát Triển Chương Trình STEM,TP. Hồ Chí Minh,2025-10-26
.NET Developer (Willing Reskill Power Platform),TP. Hồ Chí Minh,2025-10-26
Golang Developer,Hà Nội,2025-10-27
Senior Java Developer,Hà Nội,2025-10-27
Tuyển Chuyên Viên Chuyển Đổi Số (HRM - LarkSuite) làm việc tại Công ty TNHH Thời trang MInh A.M,Hà Nội,2025-10-27
Chuyên viên Phân Tích Tài Chính,Hà Nội,2025-10-27
Tuyển Chuyên Viên Chuyển Đổi Số (HRM - LarkSuite) làm việc tại Công ty TNHH Thời trang MInh A.M,Hà Nội,2025-10-27
Devops,Hà Nội,2025-10-29
Frontend Developer,Hà Nội,2025-10-29
IT,TP. Hồ Chí Minh,2025-10-29
Lập Trình Viên VueJS,Hà Nội,2025-10-29
Java Developers,Hà Nội,2025-10-29
Senior IOS Developer,TP. Hồ Chí Minh,2025-10-29
Android,TP. Hồ Chí Minh,2025-10-29
Backend Developer,Hà Nội,2025-10-29
Python,TP. Hồ Chí Minh,2025-10-29
Mobile Developer,Hà Nội,2025-10-29
Quản Trị Hệ Thống,Hà Nội,2025-10-29
Kỹ Sư Vận Hành,Hà Nội,2025-10-29
Game Tester,TP. Hồ Chí Minh,2025-10-29
Nhân Viên IT,TP. Hồ Chí Minh,2025-10-29
Software Engineer,Bình Dương,2025-10-29
Kỹ Sư Phần Mềm,Hà Nội,2025-10-29
Lập Trình Viên,Hà Nội,2025-10-29
Java Developer,Hà Nội,2025-10-29
Front-End Developer,Hà Nội,2025-10-29
Odoo Developer,Hà Nội,2025-10-29
Web Developer,TP. Hồ Chí Minh,2025-10-29
Investigations Officer,TP. Hồ Chí Minh,2025-10-29
[Hanoi] Trưởng Phòng Phân Tích Dữ Liệu & Hiệu Quả Tài Chính,Hà Nội,2025-10-29
Data Scientist – AI Engineer,Hà Nội,2025-10-29
Business Risk & Control Manager,TP. Hồ Chí Minh,2025-10-29
Chuyên Viên Kỹ Thuật Trí Tuệ Nhân Tạo (AI Engineer),TP. Hồ Chí Minh,2025-10-29
Chuyên Viên Kỹ Thuật Dữ Liệu (Data Engineer),TP. Hồ Chí Minh,2025-10-29
Card Product Manager,TP. Hồ Chí Minh,2025-10-29
Business Analyst,Hà Nội,2025-10-29
Business Analyst,Hà Nội,2025-10-29
Phân Tích Nghiệp Vụ,Hà Nội,2025-10-29
Business Analyst,Hà Nội,2025-10-29
Chuyên Viên Triển Khai Phần Mềm,TP. Hồ Chí Minh,2025-10-29
Nhân Viên IT,Hà Nội,2025-10-29
Lập Trình Viên Front End,TP. Hồ Chí Minh,2025-10-29
Business Development Manager (B2B Lending & Payment Intermediary),Hà Nội,2025-10-29
Nhân Viên Kinh Doanh (15-20 Triệu) - Cơ Hội Thăng Tiến Giám Sát & Quản Lý Kinh Doanh,TP. Hồ Chí Minh,2025-10-29
NHÂN VIÊN KINH DOANH ĐIỀU HÒA VRF – Tiếng Trung,Không rõ,2025-10-29
Nhân Viên Kinh Doanh Thị Trường Kênh GT (Thu Nhập Lên Đến 30 Triệu),TP. Hồ Chí Minh,2025-10-29
Nhân Viên Kinh Doanh Xuất Khẩu Thị Trường Trung Quốc (Tiếng Trung Thành thạo),Hà Nội,2025-10-29
Kế Toán Bán Hàng,Hà Nội,2025-10-29
Nhân Viên Bán Hàng Nhựa Đường,Không rõ,2025-10-29
Kế Toán Bán Hàng (Số Lượng: 10 Nhân Viên),Hưng Yên,2025-10-29
"Tư Vấn Thiết Kế & Quản Lý Dự Án (Âm Thanh, Ánh Sáng)",TP. Hồ Chí Minh,2025-10-29
"Associate, Business Operation (Contractor 7-Month)",Hà Nội,2025-10-29
"Customer Services cum Sales Support Logistics (2 Năm Kinh Nghiệm Mảng Logistics, Frieght Forwarding)",TP. Hồ Chí Minh,2025-10-29
Chuyên gia Vận hành Ứng dụng (Techcom Life),Hà Nội,2025-10-29
Microsoft Dynamics AX Developer (D365 Developer),TP. Hồ Chí Minh,2025-10-29
Nhân Viên Kinh Doanh (Sales Executive),TP. Hồ Chí Minh,2025-10-29
B2B Senior Sales (ITO +International Enterprises),Hà Nội,2025-10-29
Senior UI/UX Designer,TP. Hồ Chí Minh,2025-10-29
Nhân Viên IT - Phần Cứng (Hệ Thống Thông Tin và Mạng Máy Tính),Hải Dương,2025-10-29
Director of Operations (HN/HCMC),Hà Nội,2025-10-29
Microsoft Dynamics AX Developer (D365 Developer),TP. Hồ Chí Minh,2025-10-29
Deputy Business Analyst Manager (Banking / Securities Industry),Không rõ,2025-10-29
Senior Backend Developer,TP. Hồ Chí Minh,2025-10-29
20 Junior Embedded Engineers,Hà Nội,2025-10-29
20 Fresher Embedded Engineers,Hà Nội,2025-10-29
IT Business Analyst Project Management,Hà Nội,2025-10-29
Giám Đốc Phân Tích Và Chiến Lược FI - Trung Tâm Định Chế Tài,Hà Nội,2025-10-29
Chuyên Viên Cao Cấp Quản Lý Danh Mục Tài Chính Số,Hà Nội,2025-10-29
Kế Toán Tổng Hợp (General Accountant),Bình Dương,2025-10-29
Preventive Maintenance - Corrective Maintenance Staff,Không rõ,2025-10-29
"Senior Lecturer, Psychology",Hà Nội,2025-10-29
Nhân Viên Phát Triển Sản Phẩm,Hà Nội,2025-10-29
Chuyên viên Hỗ trợ Ứng dụng,Hà Nội,2025-10-29
Chuyên Viên Cao Cấp Phát Triển Kinh Doanh Trực Tuyến,Hà Nội,2025-10-29
Power – LV Switchboard Engineer,Không rõ,2025-10-29
Structural Engineer in Hanoi,Hà Nội,2025-10-29
Thợ Điện,Bà Rịa - Vũng Tàu,2025-10-29
[ Hot Job ] Chuyên Viên Đầu Tư Dự Án,Không rõ,2025-10-29
Product Manager,TP. Hồ Chí Minh,2025-10-29
Localization Project Coordinator (INCOME Up To $1200),Hà Nội,2025-10-29
Sale Dự Án Xây Dựng Hạ Tầng Giao Thông - Công Nghiệp,TP. Hồ Chí Minh,2025-10-29
20 Junior Embedded Engineers,Hà Nội,2025-10-29
20 Fresher Embedded Engineers,Hà Nội,2025-10-29
Nhân Viên Sales Logistics Xuất Nhập Khẩu Nội Địa (Khách Hàng Là Các Công Ty XNK Việt Nam),Hà Nội,2025-10-29
Senior Marketing Communications Staff (Contractor),TP. Hồ Chí Minh,2025-10-29
Đại Diện Kinh Doanh Biết Tiếng Trung + Tiếng Anh (Giao Tiếp Cơ Bản),TP. Hồ Chí Minh,2025-10-29
Planning Production Merchandiser / Nhân Viên Quản Lý Kế Hoạch Sản Xuất,Hà Nội,2025-10-29
Trưởng Phòng Đầu Tư Dự Án,Hà Nội,2025-10-29
Logistics Planning Manager,TP. Hồ Chí Minh,2025-10-29
Customer Service & Data Specialist,TP. Hồ Chí Minh,2025-10-29
QA Engineer,TP. Hồ Chí Minh,2025-10-30
Senior Java Developer,Hà Nội,2025-10-30
Nhân Viên Kỹ Thuật Máy Tính,Hải Phòng,2025-10-30
Tuyển IT Business Analyst làm việc tại SHINHAN FINANCE,Không rõ,2025-10-30
NET Developer,Hà Nội,2025-10-30
Fullstack Developer,Hà Nội,2025-10-30
Senior Fullstack Developer,TP. Hồ Chí Minh,2025-10-30
AI Engineer,Hà Nội,2025-10-30
Full Stack Developer,Hà Nội,2025-10-30
Magento Developer,TP. Hồ Chí Minh,2025-10-30
Chuyên Viên Phân Tích Nghiệp Vụ,Hà Nội,2025-10-30
Software Tester,Hà Nội,2025-10-30
Chuyên Viên Kiểm Soát Chất Lượng,Hà Nội,2025-10-30
NET Developer,Hà Nội,2025-10-30
Nhân Viên IT,TP. Hồ Chí Minh,2025-10-30
Developer,TP. Hồ Chí Minh,2025-10-30
Nhân Viên Hỗ Trợ,Hà Nội,2025-10-30
Tuyển Thực Tập Lập Trình Website làm việc tại CÔNG TY TNHH THƯƠNG MẠI DỊCH VỤ ANHI SOLUTION,TP. Hồ Chí Minh,2025-10-30
Kỹ Sư M&C (Kỹ Sư Cơ Khí),TP. Hồ Chí Minh,2025-10-30
Key Account Manager,TP. Hồ Chí Minh,2025-10-30
Kỹ Sư M&C (Kỹ Sư Cơ Khí),TP. Hồ Chí Minh,2025-10-30
Key Account Manager,TP. Hồ Chí Minh,2025-10-30
Kỹ Sư M&C (Kỹ Sư Cơ Khí),TP. Hồ Chí Minh,2025-10-30
Key Account Manager,TP. Hồ Chí Minh,2025-10-30
Kỹ Sư M&C (Kỹ Sư Cơ Khí),TP. Hồ Chí Minh,2025-10-30
Key Account Manager,TP. Hồ Chí Minh,2025-10-30
Kỹ Sư M&C (Kỹ Sư Cơ Khí),TP. Hồ Chí Minh,2025-10-30
Key Account Manager,TP. Hồ Chí Minh,2025-10-30
Kỹ Sư M&C (Kỹ Sư Cơ Khí),TP. Hồ Chí Minh,2025-10-30
Key Account Manager,TP. Hồ Chí Minh,2025-10-30
Kỹ Sư M&C (Kỹ Sư Cơ Khí),TP. Hồ Chí Minh,2025-10-30
Key Account Manager,TP. Hồ Chí Minh,2025-10-30
Kỹ Sư M&C (Kỹ Sư Cơ Khí),TP. Hồ Chí Minh,2025-10-30
Key Account Manager,TP. Hồ Chí Minh,2025-10-30
Kỹ Sư M&C (Kỹ Sư Cơ Khí),TP. Hồ Chí Minh,2025-10-30
Key Account Manager,TP. Hồ Chí Minh,2025-10-30
Kỹ Sư M&C (Kỹ Sư Cơ Khí),TP. Hồ Chí Minh,2025-10-30
Key Account Manager,TP. Hồ Chí Minh,2025-10-30
Head Of Recruitment And Training,Không rõ,2025-10-30
HR Specialist,TP. Hồ Chí Minh,2025-10-30
Senior Python Developer (1 - Year Contractor),TP. Hồ Chí Minh,2025-10-30
Frontend Developer,Đà Nẵng,2025-10-30
Automation Tester,TP. Hồ Chí Minh,2025-10-30
"Product Manager/Product Owner (SaaS, ERP)",Hà Nội,2025-10-30
CVC/CVCC Mạng Lưới,Hà Nội,2025-10-30
Project Manager,Hà Nội,2025-10-30
Technical Team Leader,Hà Nội,2025-10-30
PO,Hà Nội,2025-10-30
Chuyên Viên IT,TP. Hồ Chí Minh,2025-10-30
IT,Không rõ,2025-10-30
Hà Nội,Bắc Ninh,2025-10-30
Technical Lead,Hà Nội,2025-10-30
Quản Lý Dự Án,Hà Nội,2025-10-30
Project Manager,Không rõ,2025-10-30
Quản Lý Dự Án,TP. Hồ Chí Minh,2025-10-30
BA,Hà Nội,2025-10-30
Chuyên Viên IT,Hà Nội,2025-10-30
BA,Hà Nội,2025-10-30
Key Account Manager (Sport & Lifestyle),TP. Hồ Chí Minh,2025-10-30
Nhân Viên Kinh Doanh,Hà Nội,2025-10-30
Trưởng Phòng Kinh Doanh Cấp Cao (Ưu Tiên Nữ),TP. Hồ Chí Minh,2025-10-30
Nhân Viên Kinh Doanh Phụ Gia Thực Phẩm (Technical Sales - Food Additives),TP. Hồ Chí Minh,2025-10-30
Chuyên Viên Tư Vấn Bảo Hiểm - Kênh Liên Doanh Ngân Hàng BIDV,TP. Hồ Chí Minh,2025-10-30
"Nhân Viên Kinh Doanh Thiết Bị Y Tế, Phòng Lab.",Hà Nội,2025-10-30
[Tuyển Gấp] Trợ Lý Kinh Doanh Cho Giám Đốc (Tiếng Trung),Hưng Yên,2025-10-30
[Tuyển Gấp] Nhân Viên Kinh Doanh Vật Liệu Xây Dựng (Lương Cứng Upto 20Tr),TP. Hồ Chí Minh,2025-10-30
Nhân Viên Dịch Vụ Khách Hàng,TP. Hồ Chí Minh,2025-10-30
Senior Business Development Associate,TP. Hồ Chí Minh,2025-10-30
Relationship Manager,TP. Hồ Chí Minh,2025-10-30
[BÌNH DƯƠNG] HR Supervisor,Không rõ,2025-10-30
"Product Manager/Product Owner (SaaS, ERP)",Hà Nội,2025-10-30
Automation Tester,TP. Hồ Chí Minh,2025-10-30
Website & SEO Specialist,Đà Nẵng,2025-10-30
Junior Accountant (Biết Giao Tiếp Tiếng Anh),Không rõ,2025-10-30
Hardware Engineer (Salary Upto 20M),Hải Dương,2025-10-30
Head Of Recruitment And Training,Không rõ,2025-10-30
Automation Test Lead,TP. Hồ Chí Minh,2025-10-30
Senior Python Developer (1 - Year Contractor),TP. Hồ Chí Minh,2025-10-30
Nữ Chuyên Viên Kinh Doanh ($700 - $1000),Hà Nội,2025-10-30
Quản Lý Dự Án / Project Management - Working in Hanoi,Hà Nội,2025-10-30
Foxconn Bắc Giang Tuyển Gấp Nhân Viên Quản Lý Dự Án PM Lương Upto 1200$,Bắc Ninh,2025-10-30
Kỹ Sư Thanh Quyết Toán Dự Án,Hà Nội,2025-10-30
CAC Sales Manager,Hà Nội,2025-10-30
Giám Đốc Dự Án,Hà Nội,2025-10-30
Giám Đốc Phòng Giao Dịch Nam Sách - Ngân Hàng TMCP Lộc Phát Việt Nam (Lpbank),Hải Dương,2025-10-30
Brand Manager - Quản Lý Thương Hiệu,Hà Nội,2025-10-30
"Chuyên Viên Chính Thiết Kế, Phòng Truyền Thông và Phát Triển Thương Hiệu, Hội Sở",TP. Hồ Chí Minh,2025-10-30
Sales Engineer,Hà Nội,2025-10-30
HR Specialist,TP. Hồ Chí Minh,2025-10-30
Senior HOKA Chemical Engineer (Footwear),Không rõ,2025-10-30
Giám Đốc Marketing,Hà Nội,2025-10-30
"Google Ads Performance Marketing Manager, Global E-Commerce (Up to 10,000$ + Sign-On Bonus Up to 3 month)",Hà Nội,2025-10-30
"UA Performance Marketing Manager, Global E-Commerce Mobile App (Up to 30-Month Salary + Sign-On Bonus Up to 3 month)",Hà Nội,2025-10-30
Marketing Intern (Market Research & Analysis),Không rõ,2025-10-30
销售业务员 (Sales Specialist),TP. Hồ Chí Minh,2025-10-30
Giám Đốc Hành Chính Nhân Sự,TP. Hồ Chí Minh,2025-10-30
General Affairs Staff - Nhân Viên Hành Chính Tổng Vụ,Không rõ,2025-10-30
Nhân Viên Kỹ Thuật,Long An,2025-10-31
Senior Frontend Developer,Hà Nội,2025-10-31
FullStack Developer,Hà Nội,2025-10-31
Backend Engineer,Hà Nội,2025-10-31
Backend,Hà Nội,2025-10-31
Data Engineer,Hà Nội,2025-10-31
Embedded Software Developer,Hà Nội,2025-10-31
Senior Backend Developer,TP. Hồ Chí Minh,2025-10-31
Backend Developer,Hà Nội,2025-10-31
C++ Developer,TP. Hồ Chí Minh,2025-10-31
Senior Frontend Developer,Hà Nội,2025-10-31
Backend,TP. Hồ Chí Minh,2025-10-31
Java Developer,Hà Nội,2025-10-31
Game Tester,Hà Nội,2025-10-31
Mobile Developer,TP. Hồ Chí Minh,2025-10-31
Kỹ Sư Phần Mềm Nhúng,TP. Hồ Chí Minh,2025-10-31
Manual Tester,Hà Nội,2025-10-31
Đào Tạo,Hà Nội,2025-10-31
Đào Tạo,Không rõ,2025-10-31
Chuyên Viên Kiểm Thử Phần Mềm,Hà Nội,2025-10-31
Backend Developer,TP. Hồ Chí Minh,2025-10-31
Lập Trình Viên. Net,Hà Nội,2025-10-31
IT Support Intern,TP. Hồ Chí Minh,2025-10-31
Net Developer,TP. Hồ Chí Minh,2025-10-31
Front End,Hà Nội,2025-10-31
Fresher Business Analyst,Hà Nội,2025-10-31
Lập Trình Back-End,TP. Hồ Chí Minh,2025-10-31
Kỹ Sư Phần Mềm,Hà Nội,2025-10-31
IT,TP. Hồ Chí Minh,2025-10-31
Tuyển Database Adminstrator làm việc tại Công ty Cổ phần viễn thông FPT,TP. Hồ Chí Minh,2025-10-31
DevOps Engineer,Hà Nội,2025-10-31
Engineer,Hà Nội,2025-10-31
AI Engineer,Hà Nội,2025-10-31
Unity Developer,Hà Nội,2025-10-31
BrSE,Hà Nội,2025-10-31
Technical Lead,Hà Nội,2025-10-31
BrSE,TP. Hồ Chí Minh,2025-10-31
Tuyển AI Intern làm việc tại Công ty Cổ phần Công nghệ Tài chính Goline,Hà Nội,2025-10-31
Nhân Viên Phân Tích Nghiệp Vụ,Bến Tre,2025-10-31
Quản Trị Dự Án,Hà Nội,2025-10-31
Business Analyst,Nghệ An,2025-10-31
Chuyên Viên Phân Tích Nghiệp Vụ,Hà Nội,2025-10-31
Product Owner,Hà Nội,2025-10-31
Business Analyst,TP. Hồ Chí Minh,2025-10-31
Business Analyst,TP. Hồ Chí Minh,2025-10-31
Chuyên Viên Phân Tích Nghiệp Vụ,Hà Nội,2025-10-31
Fullstack Developer,Không rõ,2025-10-31
Software Engineer,Hà Nội,2025-10-31
Senior Fullstack Developer,Không rõ,2025-10-31
Mobile Developer,Hà Nội,2025-10-31
Lập Trình Viên PHP,Hà Nội,2025-10-31
Lập Trình Fullstack,TP. Hồ Chí Minh,2025-10-31
Fullstack Developer,Hà Nội,2025-10-31
Frontend Developer,TP. Hồ Chí Minh,2025-10-31
Reactjs Developer,Hà Nội,2025-10-31
Reactjs Developer,Hà Nội,2025-10-31
Full-Stack Developer,TP. Hồ Chí Minh,2025-10-31
Senior Manager Trade Planner,TP. Hồ Chí Minh,2025-10-31
"Trưởng Phòng Marketing Lĩnh Vực Đồ Uống, Thực Phẩm",Hà Nội,2025-10-31
Business Analyst,Hà Nội,2025-10-31
Chuyên Viên Phân Tích Nghiệp Vụ,TP. Hồ Chí Minh,2025-10-31
Chuyên Viên Phân Tích Nghiệp Vụ,Hà Nội,2025-10-31
Business Analyst,Hà Nội,2025-10-31
Chuyên Viên Phân Tích Nghiệp Vụ,TP. Hồ Chí Minh,2025-10-31
Chuyên Viên Phân Tích Nghiệp Vụ,Hà Nội,2025-10-31
Nhân Viên Phân Tích Nghiệp Vụ,Hà Nội,2025-10-31
Project Manager,Hà Nội,2025-10-31
Chuyên Viên Quản Lý Dự Án,Hà Nội,2025-10-31
Product Owner,TP. Hồ Chí Minh,2025-10-31
IT,TP. Hồ Chí Minh,2025-10-31
Technical Lead,Hà Nội,2025-10-31
Technical Leader,TP. Hồ Chí Minh,2025-10-31
IT,Hưng Yên,2025-10-31
Project Manager,Hà Nội,2025-10-31
Quản Trị Dự Án,Hà Nội,2025-10-31
Dự Án,Hà Nội,2025-10-31
Solution Architect,Hà Nội,2025-10-31
Project Manager,Hà Nội,2025-10-31
Phát Triển Phần Mềm,Hà Nội,2025-10-31
Project Manager,Hà Nội,2025-10-31
IT,TP. Hồ Chí Minh,2025-10-31
Game Designer,Hà Nội,2025-10-31
Technical Lead,TP. Hồ Chí Minh,2025-10-31
Nhân Viên Quản Lý Chất Lượng,Hà Nội,2025-10-31
Business Analyst,TP. Hồ Chí Minh,2025-10-31
Project Manager,Hà Nội,2025-10-31
Chuyên Viên Phân Tích Nghiệp Vụ,Hà Nội,2025-10-31
IT,TP. Hồ Chí Minh,2025-10-31
Quản Lý Sản Phẩm,Hà Nội,2025-10-31
Solution Architect,Hà Nội,2025-10-31
Quản Lý Dự Án Công Nghệ Thông Tin,Hà Nội,2025-10-31
Senior Business Analyst,Hà Nội,2025-10-31
Project Manager,Hà Nội,2025-10-31
IT,TP. Hồ Chí Minh,2025-10-31
Tuyển Phó Trưởng Phòng Sản Phầm Dịch Vụ Phần Mềm làm việc tại Công ty Cổ phần Tin học - Viễn thông Hàng không,Hà Nội,2025-10-31
Nhân Viên Quản Lý Dự Án,TP. Hồ Chí Minh,2025-10-31
Solution Architect,Hà Nội,2025-10-31
Java,Hà Nội,2025-10-31
Tuyển Cyber Security - Service Delivery Manager làm việc tại CÔNG TY TNHH MỘT THÀNH VIÊN AN NINH MẠNG VIETTEL,TP. Hồ Chí Minh,2025-10-31
Trưởng Phòng Công Nghệ,Hà Nội,2025-10-31
Tuyển Penetration Test Delivery Manager làm việc tại CÔNG TY TNHH MỘT THÀNH VIÊN AN NINH MẠNG VIETTEL,Hà Nội,2025-10-31
HR,TP. Hồ Chí Minh,2025-10-31
Chuyên Viên Phân Tích,Hà Nội,2025-10-31
Chuyên Viên Phân Tích Nghiệp Vụ,TP. Hồ Chí Minh,2025-10-31
Business Analyst,TP. Hồ Chí Minh,2025-10-31
Business Analyst,Hà Nội,2025-10-31
Fresher,TP. Hồ Chí Minh,2025-10-31
Business Analyst,Nghệ An,2025-10-31
Chuyên Viên Phân Tích Nghiệp Vụ,Hà Nội,2025-10-31
Software Engineer,Hà Nội,2025-10-31
Business Analyst,TP. Hồ Chí Minh,2025-10-31
Thực Tập Sinh,Hà Nội,2025-10-31
Business Analyst,Hà Nội,2025-10-31
Product Owner,Hà Nội,2025-10-31
IT,TP. Hồ Chí Minh,2025-10-31
Đảm Bảo Chất Lượng,Hà Nội,2025-10-31
Nhân Viên Quản Lý Dự Án,TP. Hồ Chí Minh,2025-10-31
Solution Architect,Hà Nội,2025-10-31
Tuyển Cyber Security - Service Delivery Manager làm việc tại CÔNG TY TNHH MỘT THÀNH VIÊN AN NINH MẠNG VIETTEL,TP. Hồ Chí Minh,2025-10-31
Thực Tập Sinh,Hà Nội,2025-10-31
Tuyển Penetration Test Delivery Manager làm việc tại CÔNG TY TNHH MỘT THÀNH VIÊN AN NINH MẠNG VIETTEL,Hà Nội,2025-10-31
Fullstack Developer,Không rõ,2025-10-31
Chuyên Viên Phân Tích Nghiệp Vụ,TP. Hồ Chí Minh,2025-10-31
Business Analyst,Hà Nội,2025-10-31
Chuyên Viên IT,Bắc Giang,2025-10-31
Game Design,Hà Nội,2025-10-31
Technical Lead,TP. Hồ Chí Minh,2025-10-31
Technical Leader,Hà Nội,2025-10-31
Business Analyst,Hà Nội,2025-10-31
IT,TP. Hồ Chí Minh,2025-10-31
Đảm Bảo Chất Lượng,Hà Nội,2025-10-31
Lập Trình Viên,Bắc Giang,2025-10-31
Solution Architect,Hà Nội,2025-10-31
Field Sales Staff,Hà Nội,2025-10-31
Garment Merchandiser,Không rõ,2025-10-31
Sea Freight Customer Service Executive,TP. Hồ Chí Minh,2025-10-31
Business Development Supervisor,TP. Hồ Chí Minh,2025-10-31
Giảng Viên Ngành Trí Tuệ Nhân Tạo (Artificial Intelligence),TP. Hồ Chí Minh,2025-10-31
Giảng Viên Nghiên Cứu Viên Khối Ngành Công Nghệ Thông Tin (Tiến Sĩ),TP. Hồ Chí Minh,2025-10-31
Giảng Viên Thiết Kế Vi Mạch Bán Dẫn,TP. Hồ Chí Minh,2025-10-31
Giảng Viên Công Nghệ Thông Tin (Software Engineering),TP. Hồ Chí Minh,2025-10-31
Business Analyst (Charging Station System),Hà Nội,2025-10-31
Kỹ Sư QA/QC Xây Dựng – Dự Án Tại Hà Nam (Đi Làm Ngay),Không rõ,2025-10-31
Technical Assistant - HCM,TP. Hồ Chí Minh,2025-10-31
Secretary of APAC CEO (English Required),TP. Hồ Chí Minh,2025-10-31
Nhân Viên Truyền Thông Sách,Không rõ,2025-10-31
Nhân Viên Kinh Doanh Thu Nhập Trên 25 triệu,Hà Nội,2025-10-31
Nhân Viên Ticketing Thu Nhập Upto 40Tr,Hà Nội,2025-10-31
Talent Acquisition & Training Lead,Hải Dương,2025-10-31
"Trưởng Phòng Kinh Doanh Online - LCB 18-25Tr (Thu Nhập Không Giới Hạn, Hấp Dẫn Theo Năng Lực) + Thưởng Doanh Số",Hà Nội,2025-10-31
